param,value,model,record,f1,precision,recall,tp,fp,fn,threshold_updates
margin,0.05,Float32,100,0.9705882352941176,0.9705882352941176,0.9705882352941176,33,1,1,222
margin,0.05,Float32,103,0.0,0.0,0.0,0,0,2,203
margin,0.05,Float32,105,0.43055555555555547,0.30097087378640774,0.7560975609756098,31,72,10,251
margin,0.05,Float32,111,0.16666666666666669,0.09090909090909091,1.0,1,10,0,207
margin,0.05,Float32,113,0.2380952380952381,0.1388888888888889,0.8333333333333334,5,31,1,174
margin,0.05,Float32,117,0.0,0.0,0.0,0,230,1,148
margin,0.05,Float32,121,0.07142857142857144,0.038461538461538464,0.5,1,25,1,181
margin,0.05,Float32,123,0.6666666666666666,0.5,1.0,3,3,0,146
margin,0.05,Float32,200,0.978698224852071,0.9904191616766467,0.9672514619883041,827,8,28,254
margin,0.05,Float32,202,0.7088607594936708,0.6666666666666666,0.7567567567567568,56,28,18,208
margin,0.05,Float32,210,0.8596491228070176,0.8200836820083682,0.9032258064516129,196,43,21,258
margin,0.05,Float32,212,0.0,0.0,0.0,0,0,0,269
margin,0.05,Float32,213,0.8566433566433567,0.7561728395061729,0.9879032258064516,245,79,3,283
margin,0.05,Float32,214,0.7598784194528876,0.6218905472636815,0.9765625,250,152,6,220
margin,0.05,Float32,219,0.24901185770750994,0.14482758620689656,0.8873239436619719,63,372,8,210
margin,0.05,Float32,221,0.9789864029666254,0.9588377723970944,1.0,396,17,0,237
margin,0.05,Float32,222,0.48979591836734687,0.37994722955145116,0.6889952153110048,144,235,65,243
margin,0.05,Float32,228,0.9702702702702702,0.9573333333333334,0.9835616438356164,359,16,6,200
margin,0.05,Float32,231,0.15384615384615383,0.08695652173913043,0.6666666666666666,2,21,1,151
margin,0.05,Float32,232,0.04871626069782752,0.27007299270072993,0.026772793053545588,37,100,1345,173
margin,0.05,Float32,233,0.8844720496894408,0.9210866752910737,0.8506571087216248,712,61,125,301
margin,0.05,Float32,234,0.3076923076923077,0.8333333333333334,0.18867924528301888,10,2,43,270
margin,0.1,Float32,100,0.9705882352941176,0.9705882352941176,0.9705882352941176,33,1,1,222
margin,0.1,Float32,103,0.0,0.0,0.0,0,0,2,203
margin,0.1,Float32,105,0.43165467625899284,0.30612244897959184,0.7317073170731707,30,68,11,251
margin,0.1,Float32,111,0.16666666666666669,0.09090909090909091,1.0,1,10,0,207
margin,0.1,Float32,113,0.2380952380952381,0.1388888888888889,0.8333333333333334,5,31,1,174
margin,0.1,Float32,117,0.0,0.0,0.0,0,73,1,148
margin,0.1,Float32,121,0.07142857142857144,0.038461538461538464,0.5,1,25,1,181
margin,0.1,Float32,123,0.6666666666666666,0.5,1.0,3,3,0,146
margin,0.1,Float32,200,0.9774881516587677,0.9903961584633854,0.9649122807017544,825,8,30,254
margin,0.1,Float32,202,0.7133757961783439,0.6746987951807228,0.7567567567567568,56,27,18,208
margin,0.1,Float32,210,0.8596491228070176,0.8200836820083682,0.9032258064516129,196,43,21,258
margin,0.1,Float32,212,0.0,0.0,0.0,0,0,0,269
margin,0.1,Float32,213,0.9104477611940298,0.8472222222222222,0.9838709677419355,244,44,4,283
margin,0.1,Float32,214,0.7898089171974522,0.6666666666666666,0.96875,248,124,8,220
margin,0.1,Float32,219,0.25352112676056343,0.14788732394366197,0.8873239436619719,63,363,8,210
margin,0.1,Float32,221,0.9789864029666254,0.9588377723970944,1.0,396,17,0,237
margin,0.1,Float32,222,0.49056603773584906,0.40498442367601245,0.6220095693779905,130,191,79,243
margin,0.1,Float32,228,0.9702702702702702,0.9573333333333334,0.9835616438356164,359,16,6,200
margin,0.1,Float32,231,0.16,0.09090909090909091,0.6666666666666666,2,20,1,151
margin,0.1,Float32,232,0.03604806408544726,0.23275862068965517,0.019536903039073805,27,89,1355,173
margin,0.1,Float32,233,0.8914141414141413,0.9451137884872824,0.8434886499402628,706,41,131,301
margin,0.1,Float32,234,0.3076923076923077,0.8333333333333334,0.18867924528301888,10,2,43,270
margin,0.15,Float32,100,0.9705882352941176,0.9705882352941176,0.9705882352941176,33,1,1,222
margin,0.15,Float32,103,0.0,0.0,0.0,0,0,2,203
margin,0.15,Float32,105,0.4444444444444444,0.3191489361702128,0.7317073170731707,30,64,11,251
margin,0.15,Float32,111,0.16666666666666669,0.09090909090909091,1.0,1,10,0,207
margin,0.15,Float32,113,0.2380952380952381,0.1388888888888889,0.8333333333333334,5,31,1,174
margin,0.15,Float32,117,0.0,0.0,0.0,0,41,1,148
margin,0.15,Float32,121,0.07407407407407407,0.04,0.5,1,24,1,181
margin,0.15,Float32,123,0.6666666666666666,0.5,1.0,3,3,0,146
margin,0.15,Float32,200,0.9774881516587677,0.9903961584633854,0.9649122807017544,825,8,30,254
margin,0.15,Float32,202,0.7179487179487181,0.6829268292682927,0.7567567567567568,56,26,18,208
margin,0.15,Float32,210,0.8634361233480177,0.8270042194092827,0.9032258064516129,196,41,21,258
margin,0.15,Float32,212,0.0,0.0,0.0,0,0,0,269
margin,0.15,Float32,213,0.9384615384615386,0.8970588235294118,0.9838709677419355,244,28,4,283
margin,0.15,Float32,214,0.8296795952782462,0.7299703264094956,0.9609375,246,91,10,220
margin,0.15,Float32,219,0.26359832635983266,0.1547911547911548,0.8873239436619719,63,344,8,210
margin,0.15,Float32,221,0.9789864029666254,0.9588377723970944,1.0,396,17,0,237
margin,0.15,Float32,222,0.4810126582278481,0.43018867924528303,0.5454545454545454,114,151,95,243
margin,0.15,Float32,228,0.9715832205683356,0.9598930481283422,0.9835616438356164,359,15,6,200
margin,0.15,Float32,231,0.16,0.09090909090909091,0.6666666666666666,2,20,1,151
margin,0.15,Float32,232,0.03225806451612903,0.22641509433962265,0.017366136034732273,24,82,1358,173
margin,0.15,Float32,233,0.8837209302325582,0.9620253164556962,0.8172043010752689,684,27,153,301
margin,0.15,Float32,234,0.3076923076923077,0.8333333333333334,0.18867924528301888,10,2,43,270
margin,0.2,Float32,100,0.9705882352941176,0.9705882352941176,0.9705882352941176,33,1,1,222
margin,0.2,Float32,103,0.0,0.0,0.0,0,0,2,203
margin,0.2,Float32,105,0.43609022556390975,0.31521739130434784,0.7073170731707317,29,63,12,251
margin,0.2,Float32,111,0.16666666666666669,0.09090909090909091,1.0,1,10,0,207
margin,0.2,Float32,113,0.2439024390243902,0.14285714285714285,0.8333333333333334,5,30,1,174
margin,0.2,Float32,117,0.0,0.0,0.0,0,39,1,148
margin,0.2,Float32,121,0.07407407407407407,0.04,0.5,1,24,1,181
margin,0.2,Float32,123,0.6666666666666666,0.5,1.0,3,3,0,146
margin,0.2,Float32,200,0.9774881516587677,0.9903961584633854,0.9649122807017544,825,8,30,254
margin,0.2,Float32,202,0.7272727272727273,0.7,0.7567567567567568,56,24,18,208
margin,0.2,Float32,210,0.8634361233480177,0.8270042194092827,0.9032258064516129,196,41,21,258
margin,0.2,Float32,212,0.0,0.0,0.0,0,0,0,269
margin,0.2,Float32,213,0.9587426326129667,0.9348659003831418,0.9838709677419355,244,17,4,283
margin,0.2,Float32,214,0.8657243816254417,0.7903225806451613,0.95703125,245,65,11,220
margin,0.2,Float32,219,0.27192982456140347,0.16103896103896104,0.8732394366197183,62,323,9,210
margin,0.2,Float32,221,0.9789864029666254,0.9588377723970944,1.0,396,17,0,237
margin,0.2,Float32,222,0.46798029556650245,0.48223350253807107,0.45454545454545453,95,102,114,243
margin,0.2,Float32,228,0.9742198100407056,0.9650537634408602,0.9835616438356164,359,13,6,200
margin,0.2,Float32,231,0.16666666666666666,0.09523809523809523,0.6666666666666666,2,19,1,151
margin,0.2,Float32,232,0.02981029810298103,0.23404255319148937,0.015918958031837915,22,72,1360,173
margin,0.2,Float32,233,0.8830486202365309,0.981021897810219,0.8028673835125448,672,13,165,301
margin,0.2,Float32,234,0.3076923076923077,0.8333333333333334,0.18867924528301888,10,2,43,270
margin,0.25,Float32,100,0.9705882352941176,0.9705882352941176,0.9705882352941176,33,1,1,222
margin,0.25,Float32,103,0.0,0.0,0.0,0,0,2,203
margin,0.25,Float32,105,0.44274809160305345,0.32222222222222224,0.7073170731707317,29,61,12,251
margin,0.25,Float32,111,0.16666666666666669,0.09090909090909091,1.0,1,10,0,207
margin,0.25,Float32,113,0.2439024390243902,0.14285714285714285,0.8333333333333334,5,30,1,174
margin,0.25,Float32,117,0.0,0.0,0.0,0,36,1,148
margin,0.25,Float32,121,0.08,0.043478260869565216,0.5,1,22,1,181
margin,0.25,Float32,123,0.6666666666666666,0.5,1.0,3,3,0,146
margin,0.25,Float32,200,0.9774881516587677,0.9903961584633854,0.9649122807017544,825,8,30,254
margin,0.25,Float32,202,0.7320261437908496,0.7088607594936709,0.7567567567567568,56,23,18,208
margin,0.25,Float32,210,0.869179600886918,0.8376068376068376,0.9032258064516129,196,38,21,258
margin,0.25,Float32,212,0.0,0.0,0.0,0,0,0,269
margin,0.25,Float32,213,0.9721115537848605,0.9606299212598425,0.9838709677419355,244,10,4,283
margin,0.25,Float32,214,0.8909426987060999,0.8456140350877193,0.94140625,241,44,15,220
margin,0.25,Float32,219,0.2824601366742597,0.16847826086956522,0.8732394366197183,62,306,9,210
margin,0.25,Float32,221,0.9789864029666254,0.9588377723970944,1.0,396,17,0,237
margin,0.25,Float32,222,0.45789473684210524,0.5087719298245614,0.41626794258373206,87,84,122,243
margin,0.25,Float32,228,0.9755434782608695,0.967654986522911,0.9835616438356164,359,12,6,200
margin,0.25,Float32,231,0.1739130434782609,0.1,0.6666666666666666,2,18,1,151
margin,0.25,Float32,232,0.025938566552901023,0.2289156626506024,0.013748191027496382,19,64,1363,173
margin,0.25,Float32,233,0.8732394366197184,0.9954128440366973,0.7777777777777778,651,3,186,301
margin,0.25,Float32,234,0.3076923076923077,0.8333333333333334,0.18867924528301888,10,2,43,270
margin,0.3,Float32,100,0.9705882352941176,0.9705882352941176,0.9705882352941176,33,1,1,222
margin,0.3,Float32,103,0.0,0.0,0.0,0,0,2,203
margin,0.3,Float32,105,0.44274809160305345,0.32222222222222224,0.7073170731707317,29,61,12,251
margin,0.3,Float32,111,0.16666666666666669,0.09090909090909091,1.0,1,10,0,207
margin,0.3,Float32,113,0.3125,0.19230769230769232,0.8333333333333334,5,21,1,174
margin,0.3,Float32,117,0.0,0.0,0.0,0,36,1,148
margin,0.3,Float32,121,0.08333333333333334,0.045454545454545456,0.5,1,21,1,181
margin,0.3,Float32,123,0.6666666666666666,0.5,1.0,3,3,0,146
margin,0.3,Float32,200,0.978067575577949,0.9915865384615384,0.9649122807017544,825,7,30,254
margin,0.3,Float32,202,0.7114093959731544,0.7066666666666667,0.7162162162162162,53,22,21,208
margin,0.3,Float32,210,0.8705357142857143,0.8441558441558441,0.8986175115207373,195,36,22,258
margin,0.3,Float32,212,0.0,0.0,0.0,0,0,0,269
margin,0.3,Float32,213,0.9777777777777779,0.979757085020243,0.9758064516129032,242,5,6,283
margin,0.3,Float32,214,0.9111531190926275,0.8827838827838828,0.94140625,241,32,15,220
margin,0.3,Float32,219,0.29523809523809524,0.17765042979942694,0.8732394366197183,62,287,9,210
margin,0.3,Float32,221,0.9789864029666254,0.9588377723970944,1.0,396,17,0,237
margin,0.3,Float32,222,0.4627659574468085,0.5209580838323353,0.41626794258373206,87,80,122,243
margin,0.3,Float32,228,0.9782016348773842,0.9728997289972899,0.9835616438356164,359,10,6,200
margin,0.3,Float32,231,0.18181818181818182,0.10526315789473684,0.6666666666666666,2,17,1,151
margin,0.3,Float32,232,0.023448275862068966,0.25,0.012301013024602027,17,51,1365,173
margin,0.3,Float32,233,0.87248322147651,0.9954058192955589,0.7765830346475507,650,3,187,301
margin,0.3,Float32,234,0.28125,0.8181818181818182,0.16981132075471697,9,2,44,270
margin,0.05,INT8,100,0.955223880597015,0.9696969696969697,0.9411764705882353,32,1,2,222
margin,0.05,INT8,103,0.0,0.0,0.0,0,0,2,203
margin,0.05,INT8,105,0.435374149659864,0.3018867924528302,0.7804878048780488,32,74,9,251
margin,0.05,INT8,111,0.16666666666666669,0.09090909090909091,1.0,1,10,0,207
margin,0.05,INT8,113,0.25641025641025644,0.15151515151515152,0.8333333333333334,5,28,1,174
margin,0.05,INT8,117,0.0,0.0,0.0,0,253,1,148
margin,0.05,INT8,121,0.07407407407407407,0.04,0.5,1,24,1,181
margin,0.05,INT8,123,0.6666666666666666,0.5,1.0,3,3,0,146
margin,0.05,INT8,200,0.9774881516587677,0.9903961584633854,0.9649122807017544,825,8,30,254
margin,0.05,INT8,202,0.7006369426751592,0.6626506024096386,0.7432432432432432,55,28,19,208
margin,0.05,INT8,210,0.86784140969163,0.8312236286919831,0.9078341013824884,197,40,20,258
margin,0.05,INT8,212,0.0,0.0,0.0,0,0,0,269
margin,0.05,INT8,213,0.8611599297012303,0.7632398753894081,0.9879032258064516,245,76,3,283
margin,0.05,INT8,214,0.7591463414634148,0.6225,0.97265625,249,151,7,220
margin,0.05,INT8,219,0.24803149606299213,0.14416475972540047,0.8873239436619719,63,374,8,210
margin,0.05,INT8,221,0.9826302729528535,0.9658536585365853,1.0,396,14,0,237
margin,0.05,INT8,222,0.4957555178268251,0.38421052631578945,0.6985645933014354,146,234,63,243
margin,0.05,INT8,228,0.9702702702702702,0.9573333333333334,0.9835616438356164,359,16,6,200
margin,0.05,INT8,231,0.16666666666666666,0.09523809523809523,0.6666666666666666,2,19,1,151
margin,0.05,INT8,232,0.05259697567389875,0.28776978417266186,0.02894356005788712,40,99,1342,173
margin,0.05,INT8,233,0.8844720496894408,0.9210866752910737,0.8506571087216248,712,61,125,301
margin,0.05,INT8,234,0.28125,0.8181818181818182,0.16981132075471697,9,2,44,270
margin,0.1,INT8,100,0.955223880597015,0.9696969696969697,0.9411764705882353,32,1,2,222
margin,0.1,INT8,103,0.0,0.0,0.0,0,0,2,203
margin,0.1,INT8,105,0.43661971830985913,0.3069306930693069,0.7560975609756098,31,70,10,251
margin,0.1,INT8,111,0.16666666666666669,0.09090909090909091,1.0,1,10,0,207
margin,0.1,INT8,113,0.25641025641025644,0.15151515151515152,0.8333333333333334,5,28,1,174
margin,0.1,INT8,117,0.0,0.0,0.0,0,89,1,148
margin,0.1,INT8,121,0.07407407407407407,0.04,0.5,1,24,1,181
margin,0.1,INT8,123,0.6666666666666666,0.5,1.0,3,3,0,146
margin,0.1,INT8,200,0.9774881516587677,0.9903961584633854,0.9649122807017544,825,8,30,254
margin,0.1,INT8,202,0.7051282051282052,0.6707317073170732,0.7432432432432432,55,27,19,208
margin,0.1,INT8,210,0.86784140969163,0.8312236286919831,0.9078341013824884,197,40,20,258
margin,0.1,INT8,212,0.0,0.0,0.0,0,0,0,269
margin,0.1,INT8,213,0.9070631970260223,0.8413793103448276,0.9838709677419355,244,46,4,283
margin,0.1,INT8,214,0.7923322683706071,0.6702702702702703,0.96875,248,122,8,220
margin,0.1,INT8,219,0.25609756097560976,0.1496437054631829,0.8873239436619719,63,358,8,210
margin,0.1,INT8,221,0.9826302729528535,0.9658536585365853,1.0,396,14,0,237
margin,0.1,INT8,222,0.4999999999999999,0.4059701492537313,0.6507177033492823,136,199,73,243
margin,0.1,INT8,228,0.9702702702702702,0.9573333333333334,0.9835616438356164,359,16,6,200
margin,0.1,INT8,231,0.16666666666666666,0.09523809523809523,0.6666666666666666,2,19,1,151
margin,0.1,INT8,232,0.03861517976031957,0.24166666666666667,0.020984081041968163,29,91,1353,173
margin,0.1,INT8,233,0.8933753943217666,0.946524064171123,0.8458781362007168,708,40,129,301
margin,0.1,INT8,234,0.28125,0.8181818181818182,0.16981132075471697,9,2,44,270
margin,0.15,INT8,100,0.955223880597015,0.9696969696969697,0.9411764705882353,32,1,2,222
margin,0.15,INT8,103,0.0,0.0,0.0,0,0,2,203
margin,0.15,INT8,105,0.43165467625899284,0.30612244897959184,0.7317073170731707,30,68,11,251
margin,0.15,INT8,111,0.16666666666666669,0.09090909090909091,1.0,1,10,0,207
margin,0.15,INT8,113,0.25641025641025644,0.15151515151515152,0.8333333333333334,5,28,1,174
margin,0.15,INT8,117,0.0,0.0,0.0,0,39,1,148
margin,0.15,INT8,121,0.07692307692307693,0.041666666666666664,0.5,1,23,1,181
margin,0.15,INT8,123,0.6666666666666666,0.5,1.0,3,3,0,146
margin,0.15,INT8,200,0.9774881516587677,0.9903961584633854,0.9649122807017544,825,8,30,254
margin,0.15,INT8,202,0.7096774193548386,0.6790123456790124,0.7432432432432432,55,26,19,208
margin,0.15,INT8,210,0.86784140969163,0.8312236286919831,0.9078341013824884,197,40,20,258
margin,0.15,INT8,212,0.0,0.0,0.0,0,0,0,269
margin,0.15,INT8,213,0.9384615384615386,0.8970588235294118,0.9838709677419355,244,28,4,283
margin,0.15,INT8,214,0.8268907563025211,0.7256637168141593,0.9609375,246,93,10,220
margin,0.15,INT8,219,0.267515923566879,0.1575,0.8873239436619719,63,337,8,210
margin,0.15,INT8,221,0.9826302729528535,0.9658536585365853,1.0,396,14,0,237
margin,0.15,INT8,222,0.48535564853556484,0.4312267657992565,0.5550239234449761,116,153,93,243
margin,0.15,INT8,228,0.9715832205683356,0.9598930481283422,0.9835616438356164,359,15,6,200
margin,0.15,INT8,231,0.16666666666666666,0.09523809523809523,0.6666666666666666,2,19,1,151
margin,0.15,INT8,232,0.034899328859060406,0.24074074074074073,0.01881331403762663,26,82,1356,173
margin,0.15,INT8,233,0.8876043673731535,0.9597222222222223,0.8255675029868578,691,29,146,301
margin,0.15,INT8,234,0.28125,0.8181818181818182,0.16981132075471697,9,2,44,270
margin,0.2,INT8,100,0.955223880597015,0.9696969696969697,0.9411764705882353,32,1,2,222
margin,0.2,INT8,103,0.0,0.0,0.0,0,0,2,203
margin,0.2,INT8,105,0.4411764705882353,0.3157894736842105,0.7317073170731707,30,65,11,251
margin,0.2,INT8,111,0.16666666666666669,0.09090909090909091,1.0,1,10,0,207
margin,0.2,INT8,113,0.25641025641025644,0.15151515151515152,0.8333333333333334,5,28,1,174
margin,0.2,INT8,117,0.0,0.0,0.0,0,33,1,148
margin,0.2,INT8,121,0.07692307692307693,0.041666666666666664,0.5,1,23,1,181
margin,0.2,INT8,123,0.6666666666666666,0.5,1.0,3,3,0,146
margin,0.2,INT8,200,0.978067575577949,0.9915865384615384,0.9649122807017544,825,7,30,254
margin,0.2,INT8,202,0.7189542483660132,0.6962025316455697,0.7432432432432432,55,24,19,208
margin,0.2,INT8,210,0.869757174392936,0.8347457627118644,0.9078341013824884,197,39,20,258
margin,0.2,INT8,212,0.0,0.0,0.0,0,0,0,269
margin,0.2,INT8,213,0.9625246548323472,0.9420849420849421,0.9838709677419355,244,15,4,283
margin,0.2,INT8,214,0.8616462346760071,0.780952380952381,0.9609375,246,69,10,220
margin,0.2,INT8,219,0.2769230769230769,0.1640625,0.8873239436619719,63,321,8,210
margin,0.2,INT8,221,0.9826302729528535,0.9658536585365853,1.0,396,14,0,237
margin,0.2,INT8,222,0.47407407407407404,0.4897959183673469,0.45933014354066987,96,100,113,243
margin,0.2,INT8,228,0.9742198100407056,0.9650537634408602,0.9835616438356164,359,13,6,200
margin,0.2,INT8,231,0.16666666666666666,0.09523809523809523,0.6666666666666666,2,19,1,151
margin,0.2,INT8,232,0.031123139377537218,0.23958333333333334,0.016642547033285094,23,73,1359,173
margin,0.2,INT8,233,0.884514435695538,0.9810771470160117,0.8052568697729988,674,13,163,301
margin,0.2,INT8,234,0.28125,0.8181818181818182,0.16981132075471697,9,2,44,270
margin,0.25,INT8,100,0.955223880597015,0.9696969696969697,0.9411764705882353,32,1,2,222
margin,0.25,INT8,103,0.0,0.0,0.0,0,0,2,203
margin,0.25,INT8,105,0.45112781954887227,0.32608695652173914,0.7317073170731707,30,62,11,251
margin,0.25,INT8,111,0.16666666666666669,0.09090909090909091,1.0,1,10,0,207
margin,0.25,INT8,113,0.25641025641025644,0.15151515151515152,0.8333333333333334,5,28,1,174
margin,0.25,INT8,117,0.0,0.0,0.0,0,31,1,148
margin,0.25,INT8,121,0.08,0.043478260869565216,0.5,1,22,1,181
margin,0.25,INT8,123,0.6666666666666666,0.5,1.0,3,3,0,146
margin,0.25,INT8,200,0.978067575577949,0.9915865384615384,0.9649122807017544,825,7,30,254
margin,0.25,INT8,202,0.7152317880794701,0.7012987012987013,0.7297297297297297,54,23,20,208
margin,0.25,INT8,210,0.8716814159292035,0.8382978723404255,0.9078341013824884,197,38,20,258
margin,0.25,INT8,212,0.0,0.0,0.0,0,0,0,269
margin,0.25,INT8,213,0.970178926441352,0.9568627450980393,0.9838709677419355,244,11,4,283
margin,0.25,INT8,214,0.8966789667896681,0.8496503496503497,0.94921875,243,43,13,220
margin,0.25,INT8,219,0.2818181818181818,0.16802168021680217,0.8732394366197183,62,307,9,210
margin,0.25,INT8,221,0.9826302729528535,0.9658536585365853,1.0,396,14,0,237
margin,0.25,INT8,222,0.44680851063829785,0.5029940119760479,0.4019138755980861,84,83,125,243
margin,0.25,INT8,228,0.9755434782608695,0.967654986522911,0.9835616438356164,359,12,6,200
margin,0.25,INT8,231,0.1739130434782609,0.1,0.6666666666666666,2,18,1,151
margin,0.25,INT8,232,0.024573378839590446,0.21686746987951808,0.013024602026049204,18,65,1364,173
margin,0.25,INT8,233,0.8755020080321286,0.9954337899543378,0.7813620071684588,654,3,183,301
margin,0.25,INT8,234,0.28125,0.8181818181818182,0.16981132075471697,9,2,44,270
margin,0.3,INT8,100,0.955223880597015,0.9696969696969697,0.9411764705882353,32,1,2,222
margin,0.3,INT8,103,0.0,0.0,0.0,0,0,2,203
margin,0.3,INT8,105,0.44274809160305345,0.32222222222222224,0.7073170731707317,29,61,12,251
margin,0.3,INT8,111,0.18181818181818182,0.1,1.0,1,9,0,207
margin,0.3,INT8,113,0.28571428571428575,0.1724137931034483,0.8333333333333334,5,24,1,174
margin,0.3,INT8,117,0.0,0.0,0.0,0,31,1,148
margin,0.3,INT8,121,0.08333333333333334,0.045454545454545456,0.5,1,21,1,181
margin,0.3,INT8,123,0.6666666666666666,0.5,1.0,3,3,0,146
margin,0.3,INT8,200,0.9786476868327402,0.9927797833935018,0.9649122807017544,825,6,30,254
margin,0.3,INT8,202,0.7162162162162162,0.7162162162162162,0.7162162162162162,53,21,21,208
margin,0.3,INT8,210,0.8803611738148983,0.8628318584070797,0.8986175115207373,195,31,22,258
margin,0.3,INT8,212,0.0,0.0,0.0,0,0,0,269
margin,0.3,INT8,213,0.9758064516129032,0.9758064516129032,0.9758064516129032,242,6,6,283
margin,0.3,INT8,214,0.9125475285171102,0.8888888888888888,0.9375,240,30,16,220
margin,0.3,INT8,219,0.29523809523809524,0.17765042979942694,0.8732394366197183,62,287,9,210
margin,0.3,INT8,221,0.9826302729528535,0.9658536585365853,1.0,396,14,0,237
margin,0.3,INT8,222,0.4474393530997305,0.5123456790123457,0.39712918660287083,83,79,126,243
margin,0.3,INT8,228,0.9782016348773842,0.9728997289972899,0.9835616438356164,359,10,6,200
margin,0.3,INT8,231,0.1904761904761905,0.1111111111111111,0.6666666666666666,2,16,1,151
margin,0.3,INT8,232,0.023383768913342505,0.2361111111111111,0.012301013024602027,17,55,1365,173
margin,0.3,INT8,233,0.8702084734364494,0.9953846153846154,0.7729988052568698,647,3,190,301
margin,0.3,INT8,234,0.22580645161290322,0.7777777777777778,0.1320754716981132,7,2,46,270
buffer_size,50,Float32,100,0.9705882352941176,0.9705882352941176,0.9705882352941176,33,1,1,222
buffer_size,50,Float32,103,0.0,0.0,0.0,0,0,2,203
buffer_size,50,Float32,105,0.4328358208955224,0.3118279569892473,0.7073170731707317,29,64,12,251
buffer_size,50,Float32,111,0.16666666666666669,0.09090909090909091,1.0,1,10,0,207
buffer_size,50,Float32,113,0.2380952380952381,0.1388888888888889,0.8333333333333334,5,31,1,174
buffer_size,50,Float32,117,0.0,0.0,0.0,0,49,1,148
buffer_size,50,Float32,121,0.07692307692307693,0.041666666666666664,0.5,1,23,1,181
buffer_size,50,Float32,123,0.6666666666666666,0.5,1.0,3,3,0,146
buffer_size,50,Float32,200,0.9774881516587677,0.9903961584633854,0.9649122807017544,825,8,30,254
buffer_size,50,Float32,202,0.7333333333333334,0.7236842105263158,0.7432432432432432,55,21,19,208
buffer_size,50,Float32,210,0.869179600886918,0.8376068376068376,0.9032258064516129,196,38,21,258
buffer_size,50,Float32,212,0.0,0.0,0.0,0,0,0,269
buffer_size,50,Float32,213,0.9224952741020794,0.8683274021352313,0.9838709677419355,244,37,4,283
buffer_size,50,Float32,214,0.7947454844006568,0.6855524079320113,0.9453125,242,111,14,220
buffer_size,50,Float32,219,0.2581967213114754,0.1510791366906475,0.8873239436619719,63,354,8,210
buffer_size,50,Float32,221,0.9789864029666254,0.9588377723970944,1.0,396,17,0,237
buffer_size,50,Float32,222,0.49496981891348085,0.4270833333333333,0.5885167464114832,123,165,86,243
buffer_size,50,Float32,228,0.9715832205683356,0.9598930481283422,0.9835616438356164,359,15,6,200
buffer_size,50,Float32,231,0.2,0.11764705882352941,0.6666666666666666,2,15,1,151
buffer_size,50,Float32,232,0.038744154976619906,0.25217391304347825,0.020984081041968163,29,86,1353,173
buffer_size,50,Float32,233,0.8861736334405144,0.9596100278551533,0.8231780167264038,689,29,148,301
buffer_size,50,Float32,234,0.25396825396825395,0.8,0.1509433962264151,8,2,45,270
buffer_size,100,Float32,100,0.9705882352941176,0.9705882352941176,0.9705882352941176,33,1,1,222
buffer_size,100,Float32,103,0.0,0.0,0.0,0,0,2,203
buffer_size,100,Float32,105,0.42028985507246375,0.29896907216494845,0.7073170731707317,29,68,12,251
buffer_size,100,Float32,111,0.16666666666666669,0.09090909090909091,1.0,1,10,0,207
buffer_size,100,Float32,113,0.2380952380952381,0.1388888888888889,0.8333333333333334,5,31,1,174
buffer_size,100,Float32,117,0.0,0.0,0.0,0,43,1,148
buffer_size,100,Float32,121,0.07407407407407407,0.04,0.5,1,24,1,181
buffer_size,100,Float32,123,0.6666666666666666,0.5,1.0,3,3,0,146
buffer_size,100,Float32,200,0.9774881516587677,0.9903961584633854,0.9649122807017544,825,8,30,254
buffer_size,100,Float32,202,0.7272727272727273,0.7,0.7567567567567568,56,24,18,208
buffer_size,100,Float32,210,0.8634361233480177,0.8270042194092827,0.9032258064516129,196,41,21,258
buffer_size,100,Float32,212,0.0,0.0,0.0,0,0,0,269
buffer_size,100,Float32,213,0.9366602687140116,0.8937728937728938,0.9838709677419355,244,29,4,283
buffer_size,100,Float32,214,0.8145695364238411,0.7068965517241379,0.9609375,246,102,10,220
buffer_size,100,Float32,219,0.2641509433962264,0.15517241379310345,0.8873239436619719,63,343,8,210
buffer_size,100,Float32,221,0.9789864029666254,0.9588377723970944,1.0,396,17,0,237
buffer_size,100,Float32,222,0.48347107438016534,0.4254545454545455,0.5598086124401914,117,158,92,243
buffer_size,100,Float32,228,0.97289972899729,0.9624664879356568,0.9835616438356164,359,14,6,200
buffer_size,100,Float32,231,0.1739130434782609,0.1,0.6666666666666666,2,18,1,151
buffer_size,100,Float32,232,0.03485254691689008,0.23636363636363636,0.01881331403762663,26,84,1356,173
buffer_size,100,Float32,233,0.8831504196255648,0.9606741573033708,0.8172043010752689,684,28,153,301
buffer_size,100,Float32,234,0.25396825396825395,0.8,0.1509433962264151,8,2,45,270
buffer_size,150,Float32,100,0.9705882352941176,0.9705882352941176,0.9705882352941176,33,1,1,222
buffer_size,150,Float32,103,0.0,0.0,0.0,0,0,2,203
buffer_size,150,Float32,105,0.4444444444444444,0.3191489361702128,0.7317073170731707,30,64,11,251
buffer_size,150,Float32,111,0.16666666666666669,0.09090909090909091,1.0,1,10,0,207
buffer_size,150,Float32,113,0.2380952380952381,0.1388888888888889,0.8333333333333334,5,31,1,174
buffer_size,150,Float32,117,0.0,0.0,0.0,0,41,1,148
buffer_size,150,Float32,121,0.07407407407407407,0.04,0.5,1,24,1,181
buffer_size,150,Float32,123,0.6666666666666666,0.5,1.0,3,3,0,146
buffer_size,150,Float32,200,0.9774881516587677,0.9903961584633854,0.9649122807017544,825,8,30,254
buffer_size,150,Float32,202,0.7179487179487181,0.6829268292682927,0.7567567567567568,56,26,18,208
buffer_size,150,Float32,210,0.8634361233480177,0.8270042194092827,0.9032258064516129,196,41,21,258
buffer_size,150,Float32,212,0.0,0.0,0.0,0,0,0,269
buffer_size,150,Float32,213,0.9384615384615386,0.8970588235294118,0.9838709677419355,244,28,4,283
buffer_size,150,Float32,214,0.8296795952782462,0.7299703264094956,0.9609375,246,91,10,220
buffer_size,150,Float32,219,0.26359832635983266,0.1547911547911548,0.8873239436619719,63,344,8,210
buffer_size,150,Float32,221,0.9789864029666254,0.9588377723970944,1.0,396,17,0,237
buffer_size,150,Float32,222,0.4810126582278481,0.43018867924528303,0.5454545454545454,114,151,95,243
buffer_size,150,Float32,228,0.9715832205683356,0.9598930481283422,0.9835616438356164,359,15,6,200
buffer_size,150,Float32,231,0.16,0.09090909090909091,0.6666666666666666,2,20,1,151
buffer_size,150,Float32,232,0.03225806451612903,0.22641509433962265,0.017366136034732273,24,82,1358,173
buffer_size,150,Float32,233,0.8837209302325582,0.9620253164556962,0.8172043010752689,684,27,153,301
buffer_size,150,Float32,234,0.3076923076923077,0.8333333333333334,0.18867924528301888,10,2,43,270
buffer_size,200,Float32,100,0.9705882352941176,0.9705882352941176,0.9705882352941176,33,1,1,222
buffer_size,200,Float32,103,0.0,0.0,0.0,0,0,2,203
buffer_size,200,Float32,105,0.43478260869565216,0.30927835051546393,0.7317073170731707,30,67,11,251
buffer_size,200,Float32,111,0.16666666666666669,0.09090909090909091,1.0,1,10,0,207
buffer_size,200,Float32,113,0.2380952380952381,0.1388888888888889,0.8333333333333334,5,31,1,174
buffer_size,200,Float32,117,0.0,0.0,0.0,0,41,1,148
buffer_size,200,Float32,121,0.07142857142857144,0.038461538461538464,0.5,1,25,1,181
buffer_size,200,Float32,123,0.6666666666666666,0.5,1.0,3,3,0,146
buffer_size,200,Float32,200,0.9780935464772055,0.9904076738609112,0.9660818713450292,826,8,29,254
buffer_size,200,Float32,202,0.7088607594936708,0.6666666666666666,0.7567567567567568,56,28,18,208
buffer_size,200,Float32,210,0.8615384615384616,0.8235294117647058,0.9032258064516129,196,42,21,258
buffer_size,200,Float32,212,0.0,0.0,0.0,0,0,0,269
buffer_size,200,Float32,213,0.9402697495183044,0.9003690036900369,0.9838709677419355,244,27,4,283
buffer_size,200,Float32,214,0.8277027027027027,0.7291666666666666,0.95703125,245,91,11,220
buffer_size,200,Float32,219,0.267515923566879,0.1575,0.8873239436619719,63,337,8,210
buffer_size,200,Float32,221,0.9789864029666254,0.9588377723970944,1.0,396,17,0,237
buffer_size,200,Float32,222,0.4827586206896552,0.4392156862745098,0.5358851674641149,112,143,97,243
buffer_size,200,Float32,228,0.9715832205683356,0.9598930481283422,0.9835616438356164,359,15,6,200
buffer_size,200,Float32,231,0.16,0.09090909090909091,0.6666666666666666,2,20,1,151
buffer_size,200,Float32,232,0.030913978494623653,0.2169811320754717,0.016642547033285094,23,83,1359,173
buffer_size,200,Float32,233,0.8854368932038835,0.9661016949152542,0.8172043010752689,684,24,153,301
buffer_size,200,Float32,234,0.3076923076923077,0.8333333333333334,0.18867924528301888,10,2,43,270
buffer_size,300,Float32,100,0.9705882352941176,0.9705882352941176,0.9705882352941176,33,1,1,222
buffer_size,300,Float32,103,0.0,0.0,0.0,0,0,2,203
buffer_size,300,Float32,105,0.42176870748299317,0.29245283018867924,0.7560975609756098,31,75,10,251
buffer_size,300,Float32,111,0.16666666666666669,0.09090909090909091,1.0,1,10,0,207
buffer_size,300,Float32,113,0.2380952380952381,0.1388888888888889,0.8333333333333334,5,31,1,174
buffer_size,300,Float32,117,0.0,0.0,0.0,0,43,1,148
buffer_size,300,Float32,121,0.06896551724137931,0.037037037037037035,0.5,1,26,1,181
buffer_size,300,Float32,123,0.6666666666666666,0.5,1.0,3,3,0,146
buffer_size,300,Float32,200,0.978698224852071,0.9904191616766467,0.9672514619883041,827,8,28,254
buffer_size,300,Float32,202,0.7088607594936708,0.6666666666666666,0.7567567567567568,56,28,18,208
buffer_size,300,Float32,210,0.8596491228070176,0.8200836820083682,0.9032258064516129,196,43,21,258
buffer_size,300,Float32,212,0.0,0.0,0.0,0,0,0,269
buffer_size,300,Float32,213,0.9420849420849421,0.9037037037037037,0.9838709677419355,244,26,4,283
buffer_size,300,Float32,214,0.8367346938775512,0.7409638554216867,0.9609375,246,86,10,220
buffer_size,300,Float32,219,0.27038626609442057,0.15949367088607594,0.8873239436619719,63,332,8,210
buffer_size,300,Float32,221,0.9789864029666254,0.9588377723970944,1.0,396,17,0,237
buffer_size,300,Float32,222,0.47186147186147187,0.4308300395256917,0.5215311004784688,109,144,100,243
buffer_size,300,Float32,228,0.9702702702702702,0.9573333333333334,0.9835616438356164,359,16,6,200
buffer_size,300,Float32,231,0.16,0.09090909090909091,0.6666666666666666,2,20,1,151
buffer_size,300,Float32,232,0.03227975790181573,0.22857142857142856,0.017366136034732273,24,81,1358,173
buffer_size,300,Float32,233,0.8861578266494179,0.9661495063469676,0.8183990442054958,685,24,152,301
buffer_size,300,Float32,234,0.3076923076923077,0.8333333333333334,0.18867924528301888,10,2,43,270
buffer_size,50,INT8,100,0.955223880597015,0.9696969696969697,0.9411764705882353,32,1,2,222
buffer_size,50,INT8,103,0.0,0.0,0.0,0,0,2,203
buffer_size,50,INT8,105,0.4460431654676259,0.3163265306122449,0.7560975609756098,31,67,10,251
buffer_size,50,INT8,111,0.16666666666666669,0.09090909090909091,1.0,1,10,0,207
buffer_size,50,INT8,113,0.25641025641025644,0.15151515151515152,0.8333333333333334,5,28,1,174
buffer_size,50,INT8,117,0.0,0.0,0.0,0,44,1,148
buffer_size,50,INT8,121,0.07692307692307693,0.041666666666666664,0.5,1,23,1,181
buffer_size,50,INT8,123,0.6666666666666666,0.5,1.0,3,3,0,146
buffer_size,50,INT8,200,0.978067575577949,0.9915865384615384,0.9649122807017544,825,7,30,254
buffer_size,50,INT8,202,0.7200000000000001,0.7105263157894737,0.7297297297297297,54,22,20,208
buffer_size,50,INT8,210,0.8775055679287306,0.8491379310344828,0.9078341013824884,197,35,20,258
buffer_size,50,INT8,212,0.0,0.0,0.0,0,0,0,269
buffer_size,50,INT8,213,0.9172932330827067,0.8591549295774648,0.9838709677419355,244,40,4,283
buffer_size,50,INT8,214,0.7960848287112561,0.6834733893557423,0.953125,244,113,12,220
buffer_size,50,INT8,219,0.2587268993839836,0.15144230769230768,0.8873239436619719,63,353,8,210
buffer_size,50,INT8,221,0.9826302729528535,0.9658536585365853,1.0,396,14,0,237
buffer_size,50,INT8,222,0.502970297029703,0.42905405405405406,0.6076555023923444,127,169,82,243
buffer_size,50,INT8,228,0.9715832205683356,0.9598930481283422,0.9835616438356164,359,15,6,200
buffer_size,50,INT8,231,0.2,0.11764705882352941,0.6666666666666666,2,15,1,151
buffer_size,50,INT8,232,0.038666666666666676,0.2457627118644068,0.020984081041968163,29,89,1353,173
buffer_size,50,INT8,233,0.8903143040410518,0.961218836565097,0.8291517323775388,694,28,143,301
buffer_size,50,INT8,234,0.22580645161290322,0.7777777777777778,0.1320754716981132,7,2,46,270
buffer_size,100,INT8,100,0.955223880597015,0.9696969696969697,0.9411764705882353,32,1,2,222
buffer_size,100,INT8,103,0.0,0.0,0.0,0,0,2,203
buffer_size,100,INT8,105,0.4285714285714286,0.30303030303030304,0.7317073170731707,30,69,11,251
buffer_size,100,INT8,111,0.16666666666666669,0.09090909090909091,1.0,1,10,0,207
buffer_size,100,INT8,113,0.25641025641025644,0.15151515151515152,0.8333333333333334,5,28,1,174
buffer_size,100,INT8,117,0.0,0.0,0.0,0,40,1,148
buffer_size,100,INT8,121,0.07692307692307693,0.041666666666666664,0.5,1,23,1,181
buffer_size,100,INT8,123,0.6666666666666666,0.5,1.0,3,3,0,146
buffer_size,100,INT8,200,0.9774881516587677,0.9903961584633854,0.9649122807017544,825,8,30,254
buffer_size,100,INT8,202,0.7236842105263159,0.7051282051282052,0.7432432432432432,55,23,19,208
buffer_size,100,INT8,210,0.8736141906873613,0.8418803418803419,0.9078341013824884,197,37,20,258
buffer_size,100,INT8,212,0.0,0.0,0.0,0,0,0,269
buffer_size,100,INT8,213,0.9280303030303031,0.875,0.9879032258064516,245,35,3,283
buffer_size,100,INT8,214,0.8186356073211315,0.7130434782608696,0.9609375,246,99,10,220
buffer_size,100,INT8,219,0.2652631578947368,0.15594059405940594,0.8873239436619719,63,341,8,210
buffer_size,100,INT8,221,0.9826302729528535,0.9658536585365853,1.0,396,14,0,237
buffer_size,100,INT8,222,0.49488752556237225,0.43214285714285716,0.5789473684210527,121,159,88,243
buffer_size,100,INT8,228,0.97289972899729,0.9624664879356568,0.9835616438356164,359,14,6,200
buffer_size,100,INT8,231,0.1739130434782609,0.1,0.6666666666666666,2,18,1,151
buffer_size,100,INT8,232,0.03748326639892905,0.25,0.020260492040520984,28,84,1354,173
buffer_size,100,INT8,233,0.8863198458574181,0.9583333333333334,0.8243727598566308,690,30,147,301
buffer_size,100,INT8,234,0.22580645161290322,0.7777777777777778,0.1320754716981132,7,2,46,270
buffer_size,150,INT8,100,0.955223880597015,0.9696969696969697,0.9411764705882353,32,1,2,222
buffer_size,150,INT8,103,0.0,0.0,0.0,0,0,2,203
buffer_size,150,INT8,105,0.43165467625899284,0.30612244897959184,0.7317073170731707,30,68,11,251
buffer_size,150,INT8,111,0.16666666666666669,0.09090909090909091,1.0,1,10,0,207
buffer_size,150,INT8,113,0.25641025641025644,0.15151515151515152,0.8333333333333334,5,28,1,174
buffer_size,150,INT8,117,0.0,0.0,0.0,0,39,1,148
buffer_size,150,INT8,121,0.07692307692307693,0.041666666666666664,0.5,1,23,1,181
buffer_size,150,INT8,123,0.6666666666666666,0.5,1.0,3,3,0,146
buffer_size,150,INT8,200,0.9774881516587677,0.9903961584633854,0.9649122807017544,825,8,30,254
buffer_size,150,INT8,202,0.7096774193548386,0.6790123456790124,0.7432432432432432,55,26,19,208
buffer_size,150,INT8,210,0.86784140969163,0.8312236286919831,0.9078341013824884,197,40,20,258
buffer_size,150,INT8,212,0.0,0.0,0.0,0,0,0,269
buffer_size,150,INT8,213,0.9384615384615386,0.8970588235294118,0.9838709677419355,244,28,4,283
buffer_size,150,INT8,214,0.8268907563025211,0.7256637168141593,0.9609375,246,93,10,220
buffer_size,150,INT8,219,0.267515923566879,0.1575,0.8873239436619719,63,337,8,210
buffer_size,150,INT8,221,0.9826302729528535,0.9658536585365853,1.0,396,14,0,237
buffer_size,150,INT8,222,0.48535564853556484,0.4312267657992565,0.5550239234449761,116,153,93,243
buffer_size,150,INT8,228,0.9715832205683356,0.9598930481283422,0.9835616438356164,359,15,6,200
buffer_size,150,INT8,231,0.16666666666666666,0.09523809523809523,0.6666666666666666,2,19,1,151
buffer_size,150,INT8,232,0.034899328859060406,0.24074074074074073,0.01881331403762663,26,82,1356,173
buffer_size,150,INT8,233,0.8876043673731535,0.9597222222222223,0.8255675029868578,691,29,146,301
buffer_size,150,INT8,234,0.28125,0.8181818181818182,0.16981132075471697,9,2,44,270
buffer_size,200,INT8,100,0.955223880597015,0.9696969696969697,0.9411764705882353,32,1,2,222
buffer_size,200,INT8,103,0.0,0.0,0.0,0,0,2,203
buffer_size,200,INT8,105,0.4195804195804196,0.29411764705882354,0.7317073170731707,30,72,11,251
buffer_size,200,INT8,111,0.16666666666666669,0.09090909090909091,1.0,1,10,0,207
buffer_size,200,INT8,113,0.25641025641025644,0.15151515151515152,0.8333333333333334,5,28,1,174
buffer_size,200,INT8,117,0.0,0.0,0.0,0,39,1,148
buffer_size,200,INT8,121,0.07407407407407407,0.04,0.5,1,24,1,181
buffer_size,200,INT8,123,0.6666666666666666,0.5,1.0,3,3,0,146
buffer_size,200,INT8,200,0.9774881516587677,0.9903961584633854,0.9649122807017544,825,8,30,254
buffer_size,200,INT8,202,0.7006369426751592,0.6626506024096386,0.7432432432432432,55,28,19,208
buffer_size,200,INT8,210,0.86784140969163,0.8312236286919831,0.9078341013824884,197,40,20,258
buffer_size,200,INT8,212,0.0,0.0,0.0,0,0,0,269
buffer_size,200,INT8,213,0.9402697495183044,0.9003690036900369,0.9838709677419355,244,27,4,283
buffer_size,200,INT8,214,0.8361774744027304,0.7424242424242424,0.95703125,245,85,11,220
buffer_size,200,INT8,219,0.267515923566879,0.1575,0.8873239436619719,63,337,8,210
buffer_size,200,INT8,221,0.9826302729528535,0.9658536585365853,1.0,396,14,0,237
buffer_size,200,INT8,222,0.49372384937238495,0.43866171003717475,0.5645933014354066,118,151,91,243
buffer_size,200,INT8,228,0.97289972899729,0.9624664879356568,0.9835616438356164,359,14,6,200
buffer_size,200,INT8,231,0.16666666666666666,0.09523809523809523,0.6666666666666666,2,19,1,151
buffer_size,200,INT8,232,0.03485254691689008,0.23636363636363636,0.01881331403762663,26,84,1356,173
buffer_size,200,INT8,233,0.8867438867438866,0.9609483960948396,0.8231780167264038,689,28,148,301
buffer_size,200,INT8,234,0.28125,0.8181818181818182,0.16981132075471697,9,2,44,270
buffer_size,300,INT8,100,0.955223880597015,0.9696969696969697,0.9411764705882353,32,1,2,222
buffer_size,300,INT8,103,0.0,0.0,0.0,0,0,2,203
buffer_size,300,INT8,105,0.4161073825503356,0.28703703703703703,0.7560975609756098,31,77,10,251
buffer_size,300,INT8,111,0.16666666666666669,0.09090909090909091,1.0,1,10,0,207
buffer_size,300,INT8,113,0.25641025641025644,0.15151515151515152,0.8333333333333334,5,28,1,174
buffer_size,300,INT8,117,0.0,0.0,0.0,0,38,1,148
buffer_size,300,INT8,121,0.07407407407407407,0.04,0.5,1,24,1,181
buffer_size,300,INT8,123,0.6666666666666666,0.5,1.0,3,3,0,146
buffer_size,300,INT8,200,0.9774881516587677,0.9903961584633854,0.9649122807017544,825,8,30,254
buffer_size,300,INT8,202,0.6962025316455696,0.6547619047619048,0.7432432432432432,55,29,19,208
buffer_size,300,INT8,210,0.86784140969163,0.8312236286919831,0.9078341013824884,197,40,20,258
buffer_size,300,INT8,212,0.0,0.0,0.0,0,0,0,269
buffer_size,300,INT8,213,0.9439071566731142,0.9070631970260223,0.9838709677419355,244,25,4,283
buffer_size,300,INT8,214,0.8395904436860068,0.7454545454545455,0.9609375,246,84,10,220
buffer_size,300,INT8,219,0.2692307692307693,0.15869017632241814,0.8873239436619719,63,334,8,210
buffer_size,300,INT8,221,0.9826302729528535,0.9658536585365853,1.0,396,14,0,237
buffer_size,300,INT8,222,0.4926931106471817,0.43703703703703706,0.5645933014354066,118,152,91,243
buffer_size,300,INT8,228,0.9702702702702702,0.9573333333333334,0.9835616438356164,359,16,6,200
buffer_size,300,INT8,231,0.16666666666666666,0.09523809523809523,0.6666666666666666,2,19,1,151
buffer_size,300,INT8,232,0.0335795836131632,0.2336448598130841,0.01808972503617945,25,82,1357,173
buffer_size,300,INT8,233,0.890032154340836,0.9637883008356546,0.8267622461170848,692,26,145,301
buffer_size,300,INT8,234,0.28125,0.8181818181818182,0.16981132075471697,9,2,44,270
admit_ceil,0.7,Float32,100,0.9705882352941176,0.9705882352941176,0.9705882352941176,33,1,1,222
admit_ceil,0.7,Float32,103,0.0,0.0,0.0,0,0,2,203
admit_ceil,0.7,Float32,105,0.42307692307692313,0.28695652173913044,0.8048780487804879,33,82,8,251
admit_ceil,0.7,Float32,111,0.16666666666666669,0.09090909090909091,1.0,1,10,0,207
admit_ceil,0.7,Float32,113,0.2380952380952381,0.1388888888888889,0.8333333333333334,5,31,1,174
admit_ceil,0.7,Float32,117,0.0,0.0,0.0,0,304,1,137
admit_ceil,0.7,Float32,121,0.07142857142857144,0.038461538461538464,0.5,1,25,1,181
admit_ceil,0.7,Float32,123,0.6666666666666666,0.5,1.0,3,3,0,146
admit_ceil,0.7,Float32,200,0.978698224852071,0.9904191616766467,0.9672514619883041,827,8,28,254
admit_ceil,0.7,Float32,202,0.7133757961783439,0.6746987951807228,0.7567567567567568,56,27,18,208
admit_ceil,0.7,Float32,210,0.8596491228070176,0.8200836820083682,0.9032258064516129,196,43,21,258
admit_ceil,0.7,Float32,212,0.0,0.0,0.0,0,0,0,269
admit_ceil,0.7,Float32,213,0.9348659003831418,0.8905109489051095,0.9838709677419355,244,30,4,283
admit_ceil,0.7,Float32,214,0.763803680981595,0.6287878787878788,0.97265625,249,147,7,220
admit_ceil,0.7,Float32,219,0.2409177820267686,0.13938053097345132,0.8873239436619719,63,389,8,210
admit_ceil,0.7,Float32,221,0.9789864029666254,0.9588377723970944,1.0,396,17,0,237
admit_ceil,0.7,Float32,222,0.4598765432098766,0.33940774487471526,0.7129186602870813,149,290,60,243
admit_ceil,0.7,Float32,228,0.9715832205683356,0.9598930481283422,0.9835616438356164,359,15,6,200
admit_ceil,0.7,Float32,231,0.16,0.09090909090909091,0.6666666666666666,2,20,1,151
admit_ceil,0.7,Float32,232,0.04105960264900662,0.2421875,0.02243125904486252,31,97,1351,173
admit_ceil,0.7,Float32,233,0.8866498740554157,0.9374167776298269,0.8410991636798089,704,47,133,301
admit_ceil,0.7,Float32,234,0.3076923076923077,0.8333333333333334,0.18867924528301888,10,2,43,270
admit_ceil,0.75,Float32,100,0.9705882352941176,0.9705882352941176,0.9705882352941176,33,1,1,222
admit_ceil,0.75,Float32,103,0.0,0.0,0.0,0,0,2,203
admit_ceil,0.75,Float32,105,0.4313725490196078,0.29464285714285715,0.8048780487804879,33,79,8,251
admit_ceil,0.75,Float32,111,0.16666666666666669,0.09090909090909091,1.0,1,10,0,207
admit_ceil,0.75,Float32,113,0.2380952380952381,0.1388888888888889,0.8333333333333334,5,31,1,174
admit_ceil,0.75,Float32,117,0.0,0.0,0.0,0,212,1,144
admit_ceil,0.75,Float32,121,0.07142857142857144,0.038461538461538464,0.5,1,25,1,181
admit_ceil,0.75,Float32,123,0.6666666666666666,0.5,1.0,3,3,0,146
admit_ceil,0.75,Float32,200,0.978698224852071,0.9904191616766467,0.9672514619883041,827,8,28,254
admit_ceil,0.75,Float32,202,0.7133757961783439,0.6746987951807228,0.7567567567567568,56,27,18,208
admit_ceil,0.75,Float32,210,0.8596491228070176,0.8200836820083682,0.9032258064516129,196,43,21,258
admit_ceil,0.75,Float32,212,0.0,0.0,0.0,0,0,0,269
admit_ceil,0.75,Float32,213,0.9348659003831418,0.8905109489051095,0.9838709677419355,244,30,4,283
admit_ceil,0.75,Float32,214,0.7854889589905363,0.6587301587301587,0.97265625,249,129,7,220
admit_ceil,0.75,Float32,219,0.24466019417475732,0.14189189189189189,0.8873239436619719,63,381,8,210
admit_ceil,0.75,Float32,221,0.9789864029666254,0.9588377723970944,1.0,396,17,0,237
admit_ceil,0.75,Float32,222,0.47746243739565947,0.36666666666666664,0.6842105263157895,143,247,66,243
admit_ceil,0.75,Float32,228,0.9715832205683356,0.9598930481283422,0.9835616438356164,359,15,6,200
admit_ceil,0.75,Float32,231,0.16,0.09090909090909091,0.6666666666666666,2,20,1,151
admit_ceil,0.75,Float32,232,0.03989361702127659,0.2459016393442623,0.02170767004341534,30,92,1352,173
admit_ceil,0.75,Float32,233,0.8869009584664537,0.9532967032967034,0.8291517323775388,694,34,143,301
admit_ceil,0.75,Float32,234,0.3076923076923077,0.8333333333333334,0.18867924528301888,10,2,43,270
admit_ceil,0.8,Float32,100,0.9705882352941176,0.9705882352941176,0.9705882352941176,33,1,1,222
admit_ceil,0.8,Float32,103,0.0,0.0,0.0,0,0,2,203
admit_ceil,0.8,Float32,105,0.4383561643835617,0.3047619047619048,0.7804878048780488,32,73,9,251
admit_ceil,0.8,Float32,111,0.16666666666666669,0.09090909090909091,1.0,1,10,0,207
admit_ceil,0.8,Float32,113,0.2380952380952381,0.1388888888888889,0.8333333333333334,5,31,1,174
admit_ceil,0.8,Float32,117,0.0,0.0,0.0,0,66,1,147
admit_ceil,0.8,Float32,121,0.07407407407407407,0.04,0.5,1,24,1,181
admit_ceil,0.8,Float32,123,0.6666666666666666,0.5,1.0,3,3,0,146
admit_ceil,0.8,Float32,200,0.978698224852071,0.9904191616766467,0.9672514619883041,827,8,28,254
admit_ceil,0.8,Float32,202,0.7179487179487181,0.6829268292682927,0.7567567567567568,56,26,18,208
admit_ceil,0.8,Float32,210,0.8615384615384616,0.8235294117647058,0.9032258064516129,196,42,21,258
admit_ceil,0.8,Float32,212,0.0,0.0,0.0,0,0,0,269
admit_ceil,0.8,Float32,213,0.9348659003831418,0.8905109489051095,0.9838709677419355,244,30,4,283
admit_ceil,0.8,Float32,214,0.8131147540983606,0.7005649717514124,0.96875,248,106,8,220
admit_ceil,0.8,Float32,219,0.25250501002004005,0.14719626168224298,0.8873239436619719,63,365,8,210
admit_ceil,0.8,Float32,221,0.9789864029666254,0.9588377723970944,1.0,396,17,0,237
admit_ceil,0.8,Float32,222,0.4981412639405204,0.4072948328267477,0.6411483253588517,134,195,75,243
admit_ceil,0.8,Float32,228,0.9715832205683356,0.9598930481283422,0.9835616438356164,359,15,6,200
admit_ceil,0.8,Float32,231,0.16,0.09090909090909091,0.6666666666666666,2,20,1,151
admit_ceil,0.8,Float32,232,0.034759358288770054,0.22807017543859648,0.01881331403762663,26,88,1356,173
admit_ceil,0.8,Float32,233,0.8868894601542416,0.9596662030598053,0.8243727598566308,690,29,147,301
admit_ceil,0.8,Float32,234,0.3076923076923077,0.8333333333333334,0.18867924528301888,10,2,43,270
admit_ceil,0.85,Float32,100,0.9705882352941176,0.9705882352941176,0.9705882352941176,33,1,1,222
admit_ceil,0.85,Float32,103,0.0,0.0,0.0,0,0,2,203
admit_ceil,0.85,Float32,105,0.4444444444444444,0.3191489361702128,0.7317073170731707,30,64,11,251
admit_ceil,0.85,Float32,111,0.16666666666666669,0.09090909090909091,1.0,1,10,0,207
admit_ceil,0.85,Float32,113,0.2380952380952381,0.1388888888888889,0.8333333333333334,5,31,1,174
admit_ceil,0.85,Float32,117,0.0,0.0,0.0,0,41,1,148
admit_ceil,0.85,Float32,121,0.07407407407407407,0.04,0.5,1,24,1,181
admit_ceil,0.85,Float32,123,0.6666666666666666,0.5,1.0,3,3,0,146
admit_ceil,0.85,Float32,200,0.9774881516587677,0.9903961584633854,0.9649122807017544,825,8,30,254
admit_ceil,0.85,Float32,202,0.7179487179487181,0.6829268292682927,0.7567567567567568,56,26,18,208
admit_ceil,0.85,Float32,210,0.8634361233480177,0.8270042194092827,0.9032258064516129,196,41,21,258
admit_ceil,0.85,Float32,212,0.0,0.0,0.0,0,0,0,269
admit_ceil,0.85,Float32,213,0.9384615384615386,0.8970588235294118,0.9838709677419355,244,28,4,283
admit_ceil,0.85,Float32,214,0.8296795952782462,0.7299703264094956,0.9609375,246,91,10,220
admit_ceil,0.85,Float32,219,0.26359832635983266,0.1547911547911548,0.8873239436619719,63,344,8,210
admit_ceil,0.85,Float32,221,0.9789864029666254,0.9588377723970944,1.0,396,17,0,237
admit_ceil,0.85,Float32,222,0.4810126582278481,0.43018867924528303,0.5454545454545454,114,151,95,243
admit_ceil,0.85,Float32,228,0.9715832205683356,0.9598930481283422,0.9835616438356164,359,15,6,200
admit_ceil,0.85,Float32,231,0.16,0.09090909090909091,0.6666666666666666,2,20,1,151
admit_ceil,0.85,Float32,232,0.03225806451612903,0.22641509433962265,0.017366136034732273,24,82,1358,173
admit_ceil,0.85,Float32,233,0.8837209302325582,0.9620253164556962,0.8172043010752689,684,27,153,301
admit_ceil,0.85,Float32,234,0.3076923076923077,0.8333333333333334,0.18867924528301888,10,2,43,270
admit_ceil,0.9,Float32,100,0.9705882352941176,0.9705882352941176,0.9705882352941176,33,1,1,222
admit_ceil,0.9,Float32,103,0.0,0.0,0.0,0,0,2,203
admit_ceil,0.9,Float32,105,0.4328358208955224,0.3118279569892473,0.7073170731707317,29,64,12,251
admit_ceil,0.9,Float32,111,0.16666666666666669,0.09090909090909091,1.0,1,10,0,207
admit_ceil,0.9,Float32,113,0.2380952380952381,0.1388888888888889,0.8333333333333334,5,31,1,174
admit_ceil,0.9,Float32,117,0.0,0.0,0.0,0,40,1,148
admit_ceil,0.9,Float32,121,0.07407407407407407,0.04,0.5,1,24,1,181
admit_ceil,0.9,Float32,123,0.6666666666666666,0.5,1.0,3,3,0,146
admit_ceil,0.9,Float32,200,0.9774881516587677,0.9903961584633854,0.9649122807017544,825,8,30,254
admit_ceil,0.9,Float32,202,0.7179487179487181,0.6829268292682927,0.7567567567567568,56,26,18,208
admit_ceil,0.9,Float32,210,0.8634361233480177,0.8270042194092827,0.9032258064516129,196,41,21,258
admit_ceil,0.9,Float32,212,0.0,0.0,0.0,0,0,0,269
admit_ceil,0.9,Float32,213,0.9420849420849421,0.9037037037037037,0.9838709677419355,244,26,4,283
admit_ceil,0.9,Float32,214,0.8616462346760071,0.780952380952381,0.9609375,246,69,10,220
admit_ceil,0.9,Float32,219,0.28832951945080093,0.1721311475409836,0.8873239436619719,63,303,8,210
admit_ceil,0.9,Float32,221,0.9789864029666254,0.9588377723970944,1.0,396,17,0,237
admit_ceil,0.9,Float32,222,0.445,0.46596858638743455,0.4258373205741627,89,102,120,243
admit_ceil,0.9,Float32,228,0.9715832205683356,0.9598930481283422,0.9835616438356164,359,15,6,200
admit_ceil,0.9,Float32,231,0.16,0.09090909090909091,0.6666666666666666,2,20,1,151
admit_ceil,0.9,Float32,232,0.032432432432432434,0.24489795918367346,0.017366136034732273,24,74,1358,173
admit_ceil,0.9,Float32,233,0.8839634941329857,0.9727403156384505,0.8100358422939068,678,19,159,301
admit_ceil,0.9,Float32,234,0.3076923076923077,0.8333333333333334,0.18867924528301888,10,2,43,270
admit_ceil,0.95,Float32,100,0.9705882352941176,0.9705882352941176,0.9705882352941176,33,1,1,222
admit_ceil,0.95,Float32,103,0.0,0.0,0.0,0,0,2,203
admit_ceil,0.95,Float32,105,0.453125,0.3333333333333333,0.7073170731707317,29,58,12,251
admit_ceil,0.95,Float32,111,0.16666666666666669,0.09090909090909091,1.0,1,10,0,207
admit_ceil,0.95,Float32,113,0.2380952380952381,0.1388888888888889,0.8333333333333334,5,31,1,174
admit_ceil,0.95,Float32,117,0.0,0.0,0.0,0,40,1,148
admit_ceil,0.95,Float32,121,0.07407407407407407,0.04,0.5,1,24,1,181
admit_ceil,0.95,Float32,123,0.6666666666666666,0.5,1.0,3,3,0,146
admit_ceil,0.95,Float32,200,0.9768820391227031,0.9903846153846154,0.9637426900584796,824,8,31,254
admit_ceil,0.95,Float32,202,0.7225806451612903,0.691358024691358,0.7567567567567568,56,25,18,208
admit_ceil,0.95,Float32,210,0.8653421633554084,0.8305084745762712,0.9032258064516129,196,40,21,258
admit_ceil,0.95,Float32,212,0.0,0.0,0.0,0,0,0,269
admit_ceil,0.95,Float32,213,0.9531249999999999,0.9242424242424242,0.9838709677419355,244,20,4,283
admit_ceil,0.95,Float32,214,0.8694096601073346,0.801980198019802,0.94921875,243,60,13,220
admit_ceil,0.95,Float32,219,0.32207792207792213,0.19745222929936307,0.8732394366197183,62,252,9,210
admit_ceil,0.95,Float32,221,0.9789864029666254,0.9588377723970944,1.0,396,17,0,237
admit_ceil,0.95,Float32,222,0.45430809399477806,0.5,0.41626794258373206,87,87,122,243
admit_ceil,0.95,Float32,228,0.9755434782608695,0.967654986522911,0.9835616438356164,359,12,6,200
admit_ceil,0.95,Float32,231,0.16,0.09090909090909091,0.6666666666666666,2,20,1,151
admit_ceil,0.95,Float32,232,0.032944406314344546,0.32,0.017366136034732273,24,51,1358,173
admit_ceil,0.95,Float32,233,0.881578947368421,0.9809663250366032,0.8004778972520908,670,13,167,301
admit_ceil,0.95,Float32,234,0.3076923076923077,0.8333333333333334,0.18867924528301888,10,2,43,270
admit_ceil,0.7,INT8,100,0.955223880597015,0.9696969696969697,0.9411764705882353,32,1,2,222
admit_ceil,0.7,INT8,103,0.0,0.0,0.0,0,0,2,203
admit_ceil,0.7,INT8,105,0.42580645161290326,0.2894736842105263,0.8048780487804879,33,81,8,251
admit_ceil,0.7,INT8,111,0.16666666666666669,0.09090909090909091,1.0,1,10,0,207
admit_ceil,0.7,INT8,113,0.25641025641025644,0.15151515151515152,0.8333333333333334,5,28,1,174
admit_ceil,0.7,INT8,117,0.0,0.0,0.0,0,310,1,139
admit_ceil,0.7,INT8,121,0.07407407407407407,0.04,0.5,1,24,1,181
admit_ceil,0.7,INT8,123,0.6666666666666666,0.5,1.0,3,3,0,146
admit_ceil,0.7,INT8,200,0.9774881516587677,0.9903961584633854,0.9649122807017544,825,8,30,254
admit_ceil,0.7,INT8,202,0.7051282051282052,0.6707317073170732,0.7432432432432432,55,27,19,208
admit_ceil,0.7,INT8,210,0.86784140969163,0.8312236286919831,0.9078341013824884,197,40,20,258
admit_ceil,0.7,INT8,212,0.0,0.0,0.0,0,0,0,269
admit_ceil,0.7,INT8,213,0.9312977099236642,0.8840579710144928,0.9838709677419355,244,32,4,283
admit_ceil,0.7,INT8,214,0.780564263322884,0.6518324607329843,0.97265625,249,133,7,220
admit_ceil,0.7,INT8,219,0.24000000000000002,0.13876651982378854,0.8873239436619719,63,391,8,210
admit_ceil,0.7,INT8,221,0.9826302729528535,0.9658536585365853,1.0,396,14,0,237
admit_ceil,0.7,INT8,222,0.46929133858267713,0.34976525821596244,0.7129186602870813,149,277,60,243
admit_ceil,0.7,INT8,228,0.9702702702702702,0.9573333333333334,0.9835616438356164,359,16,6,200
admit_ceil,0.7,INT8,231,0.16666666666666666,0.09523809523809523,0.6666666666666666,2,19,1,151
admit_ceil,0.7,INT8,232,0.03851261620185923,0.23387096774193547,0.020984081041968163,29,95,1353,173
admit_ceil,0.7,INT8,233,0.8914141414141413,0.9451137884872824,0.8434886499402628,706,41,131,301
admit_ceil,0.7,INT8,234,0.28125,0.8181818181818182,0.16981132075471697,9,2,44,270
admit_ceil,0.75,INT8,100,0.955223880597015,0.9696969696969697,0.9411764705882353,32,1,2,222
admit_ceil,0.75,INT8,103,0.0,0.0,0.0,0,0,2,203
admit_ceil,0.75,INT8,105,0.4313725490196078,0.29464285714285715,0.8048780487804879,33,79,8,251
admit_ceil,0.75,INT8,111,0.16666666666666669,0.09090909090909091,1.0,1,10,0,207
admit_ceil,0.75,INT8,113,0.25641025641025644,0.15151515151515152,0.8333333333333334,5,28,1,174
admit_ceil,0.75,INT8,117,0.0,0.0,0.0,0,239,1,144
admit_ceil,0.75,INT8,121,0.07407407407407407,0.04,0.5,1,24,1,181
admit_ceil,0.75,INT8,123,0.6666666666666666,0.5,1.0,3,3,0,146
admit_ceil,0.75,INT8,200,0.9774881516587677,0.9903961584633854,0.9649122807017544,825,8,30,254
admit_ceil,0.75,INT8,202,0.7051282051282052,0.6707317073170732,0.7432432432432432,55,27,19,208
admit_ceil,0.75,INT8,210,0.86784140969163,0.8312236286919831,0.9078341013824884,197,40,20,258
admit_ceil,0.75,INT8,212,0.0,0.0,0.0,0,0,0,269
admit_ceil,0.75,INT8,213,0.9330783938814533,0.8872727272727273,0.9838709677419355,244,31,4,283
admit_ceil,0.75,INT8,214,0.7867298578199051,0.6604774535809018,0.97265625,249,128,7,220
admit_ceil,0.75,INT8,219,0.24561403508771928,0.1425339366515837,0.8873239436619719,63,379,8,210
admit_ceil,0.75,INT8,221,0.9826302729528535,0.9658536585365853,1.0,396,14,0,237
admit_ceil,0.75,INT8,222,0.47811447811447805,0.36883116883116884,0.6794258373205742,142,243,67,243
admit_ceil,0.75,INT8,228,0.9702702702702702,0.9573333333333334,0.9835616438356164,359,16,6,200
admit_ceil,0.75,INT8,231,0.16666666666666666,0.09523809523809523,0.6666666666666666,2,19,1,151
admit_ceil,0.75,INT8,232,0.03853820598006645,0.23577235772357724,0.020984081041968163,29,94,1353,173
admit_ceil,0.75,INT8,233,0.8915816326530612,0.9562243502051984,0.8351254480286738,699,32,138,301
admit_ceil,0.75,INT8,234,0.28125,0.8181818181818182,0.16981132075471697,9,2,44,270
admit_ceil,0.8,INT8,100,0.955223880597015,0.9696969696969697,0.9411764705882353,32,1,2,222
admit_ceil,0.8,INT8,103,0.0,0.0,0.0,0,0,2,203
admit_ceil,0.8,INT8,105,0.44594594594594594,0.308411214953271,0.8048780487804879,33,74,8,251
admit_ceil,0.8,INT8,111,0.16666666666666669,0.09090909090909091,1.0,1,10,0,207
admit_ceil,0.8,INT8,113,0.25641025641025644,0.15151515151515152,0.8333333333333334,5,28,1,174
admit_ceil,0.8,INT8,117,0.0,0.0,0.0,0,79,1,147
admit_ceil,0.8,INT8,121,0.07692307692307693,0.041666666666666664,0.5,1,23,1,181
admit_ceil,0.8,INT8,123,0.6666666666666666,0.5,1.0,3,3,0,146
admit_ceil,0.8,INT8,200,0.9774881516587677,0.9903961584633854,0.9649122807017544,825,8,30,254
admit_ceil,0.8,INT8,202,0.7096774193548386,0.6790123456790124,0.7432432432432432,55,26,19,208
admit_ceil,0.8,INT8,210,0.86784140969163,0.8312236286919831,0.9078341013824884,197,40,20,258
admit_ceil,0.8,INT8,212,0.0,0.0,0.0,0,0,0,269
admit_ceil,0.8,INT8,213,0.9348659003831418,0.8905109489051095,0.9838709677419355,244,30,4,283
admit_ceil,0.8,INT8,214,0.8051948051948051,0.6888888888888889,0.96875,248,112,8,220
admit_ceil,0.8,INT8,219,0.25301204819277107,0.14754098360655737,0.8873239436619719,63,364,8,210
admit_ceil,0.8,INT8,221,0.9826302729528535,0.9658536585365853,1.0,396,14,0,237
admit_ceil,0.8,INT8,222,0.49063670411985016,0.40307692307692305,0.6267942583732058,131,194,78,243
admit_ceil,0.8,INT8,228,0.9715832205683356,0.9598930481283422,0.9835616438356164,359,15,6,200
admit_ceil,0.8,INT8,231,0.16666666666666666,0.09523809523809523,0.6666666666666666,2,19,1,151
admit_ceil,0.8,INT8,232,0.036,0.2288135593220339,0.019536903039073805,27,91,1355,173
admit_ceil,0.8,INT8,233,0.8913043478260869,0.9587345254470426,0.8327359617682198,697,30,140,301
admit_ceil,0.8,INT8,234,0.28125,0.8181818181818182,0.16981132075471697,9,2,44,270
admit_ceil,0.85,INT8,100,0.955223880597015,0.9696969696969697,0.9411764705882353,32,1,2,222
admit_ceil,0.85,INT8,103,0.0,0.0,0.0,0,0,2,203
admit_ceil,0.85,INT8,105,0.43165467625899284,0.30612244897959184,0.7317073170731707,30,68,11,251
admit_ceil,0.85,INT8,111,0.16666666666666669,0.09090909090909091,1.0,1,10,0,207
admit_ceil,0.85,INT8,113,0.25641025641025644,0.15151515151515152,0.8333333333333334,5,28,1,174
admit_ceil,0.85,INT8,117,0.0,0.0,0.0,0,39,1,148
admit_ceil,0.85,INT8,121,0.07692307692307693,0.041666666666666664,0.5,1,23,1,181
admit_ceil,0.85,INT8,123,0.6666666666666666,0.5,1.0,3,3,0,146
admit_ceil,0.85,INT8,200,0.9774881516587677,0.9903961584633854,0.9649122807017544,825,8,30,254
admit_ceil,0.85,INT8,202,0.7096774193548386,0.6790123456790124,0.7432432432432432,55,26,19,208
admit_ceil,0.85,INT8,210,0.86784140969163,0.8312236286919831,0.9078341013824884,197,40,20,258
admit_ceil,0.85,INT8,212,0.0,0.0,0.0,0,0,0,269
admit_ceil,0.85,INT8,213,0.9384615384615386,0.8970588235294118,0.9838709677419355,244,28,4,283
admit_ceil,0.85,INT8,214,0.8268907563025211,0.7256637168141593,0.9609375,246,93,10,220
admit_ceil,0.85,INT8,219,0.267515923566879,0.1575,0.8873239436619719,63,337,8,210
admit_ceil,0.85,INT8,221,0.9826302729528535,0.9658536585365853,1.0,396,14,0,237
admit_ceil,0.85,INT8,222,0.48535564853556484,0.4312267657992565,0.5550239234449761,116,153,93,243
admit_ceil,0.85,INT8,228,0.9715832205683356,0.9598930481283422,0.9835616438356164,359,15,6,200
admit_ceil,0.85,INT8,231,0.16666666666666666,0.09523809523809523,0.6666666666666666,2,19,1,151
admit_ceil,0.85,INT8,232,0.034899328859060406,0.24074074074074073,0.01881331403762663,26,82,1356,173
admit_ceil,0.85,INT8,233,0.8876043673731535,0.9597222222222223,0.8255675029868578,691,29,146,301
admit_ceil,0.85,INT8,234,0.28125,0.8181818181818182,0.16981132075471697,9,2,44,270
admit_ceil,0.9,INT8,100,0.955223880597015,0.9696969696969697,0.9411764705882353,32,1,2,222
admit_ceil,0.9,INT8,103,0.0,0.0,0.0,0,0,2,203
admit_ceil,0.9,INT8,105,0.4328358208955224,0.3118279569892473,0.7073170731707317,29,64,12,251
admit_ceil,0.9,INT8,111,0.16666666666666669,0.09090909090909091,1.0,1,10,0,207
admit_ceil,0.9,INT8,113,0.25641025641025644,0.15151515151515152,0.8333333333333334,5,28,1,174
admit_ceil,0.9,INT8,117,0.0,0.0,0.0,0,37,1,148
admit_ceil,0.9,INT8,121,0.07692307692307693,0.041666666666666664,0.5,1,23,1,181
admit_ceil,0.9,INT8,123,0.6666666666666666,0.5,1.0,3,3,0,146
admit_ceil,0.9,INT8,200,0.978067575577949,0.9915865384615384,0.9649122807017544,825,7,30,254
admit_ceil,0.9,INT8,202,0.7142857142857143,0.6875,0.7432432432432432,55,25,19,208
admit_ceil,0.9,INT8,210,0.86784140969163,0.8312236286919831,0.9078341013824884,197,40,20,258
admit_ceil,0.9,INT8,212,0.0,0.0,0.0,0,0,0,269
admit_ceil,0.9,INT8,213,0.9420849420849421,0.9037037037037037,0.9838709677419355,244,26,4,283
admit_ceil,0.9,INT8,214,0.8477508650519031,0.7608695652173914,0.95703125,245,77,11,220
admit_ceil,0.9,INT8,219,0.2870159453302962,0.17119565217391305,0.8873239436619719,63,305,8,210
admit_ceil,0.9,INT8,221,0.9826302729528535,0.9658536585365853,1.0,396,14,0,237
admit_ceil,0.9,INT8,222,0.44723618090452266,0.4708994708994709,0.4258373205741627,89,100,120,243
admit_ceil,0.9,INT8,228,0.9715832205683356,0.9598930481283422,0.9835616438356164,359,15,6,200
admit_ceil,0.9,INT8,231,0.16666666666666666,0.09523809523809523,0.6666666666666666,2,19,1,151
admit_ceil,0.9,INT8,232,0.03378378378378378,0.25510204081632654,0.01808972503617945,25,73,1357,173
admit_ceil,0.9,INT8,233,0.8880258899676375,0.9689265536723164,0.8195937873357229,686,22,151,301
admit_ceil,0.9,INT8,234,0.28125,0.8181818181818182,0.16981132075471697,9,2,44,270
admit_ceil,0.95,INT8,100,0.955223880597015,0.9696969696969697,0.9411764705882353,32,1,2,222
admit_ceil,0.95,INT8,103,0.0,0.0,0.0,0,0,2,203
admit_ceil,0.95,INT8,105,0.4640000000000001,0.34523809523809523,0.7073170731707317,29,55,12,251
admit_ceil,0.95,INT8,111,0.16666666666666669,0.09090909090909091,1.0,1,10,0,207
admit_ceil,0.95,INT8,113,0.25641025641025644,0.15151515151515152,0.8333333333333334,5,28,1,174
admit_ceil,0.95,INT8,117,0.0,0.0,0.0,0,35,1,148
admit_ceil,0.95,INT8,121,0.07692307692307693,0.041666666666666664,0.5,1,23,1,181
admit_ceil,0.95,INT8,123,0.6666666666666666,0.5,1.0,3,3,0,146
admit_ceil,0.95,INT8,200,0.9768545994065282,0.9915662650602409,0.9625730994152046,823,7,32,254
admit_ceil,0.95,INT8,202,0.7142857142857143,0.6875,0.7432432432432432,55,25,19,208
admit_ceil,0.95,INT8,210,0.869757174392936,0.8347457627118644,0.9078341013824884,197,39,20,258
admit_ceil,0.95,INT8,212,0.0,0.0,0.0,0,0,0,269
admit_ceil,0.95,INT8,213,0.9549902152641879,0.9277566539923955,0.9838709677419355,244,19,4,283
admit_ceil,0.95,INT8,214,0.8678571428571429,0.7993421052631579,0.94921875,243,61,13,220
admit_ceil,0.95,INT8,219,0.328042328042328,0.20195439739413681,0.8732394366197183,62,245,9,210
admit_ceil,0.95,INT8,221,0.9826302729528535,0.9658536585365853,1.0,396,14,0,237
admit_ceil,0.95,INT8,222,0.43799472295514513,0.48823529411764705,0.39712918660287083,83,87,126,243
admit_ceil,0.95,INT8,228,0.9768707482993196,0.9702702702702702,0.9835616438356164,359,11,6,200
admit_ceil,0.95,INT8,231,0.16666666666666666,0.09523809523809523,0.6666666666666666,2,19,1,151
admit_ceil,0.95,INT8,232,0.03431708991077557,0.3333333333333333,0.01808972503617945,25,50,1357,173
admit_ceil,0.95,INT8,233,0.8858267716535433,0.982532751091703,0.8064516129032258,675,12,162,301
admit_ceil,0.95,INT8,234,0.28125,0.8181818181818182,0.16981132075471697,9,2,44,270
warmup_length,20,Float32,100,0.9705882352941176,0.9705882352941176,0.9705882352941176,33,1,1,224
warmup_length,20,Float32,103,0.0,0.0,0.0,0,0,2,205
warmup_length,20,Float32,105,0.4444444444444444,0.3191489361702128,0.7317073170731707,30,64,11,253
warmup_length,20,Float32,111,0.16666666666666669,0.09090909090909091,1.0,1,10,0,209
warmup_length,20,Float32,113,0.2380952380952381,0.1388888888888889,0.8333333333333334,5,31,1,176
warmup_length,20,Float32,117,0.0,0.0,0.0,0,41,1,148
warmup_length,20,Float32,121,0.07407407407407407,0.04,0.5,1,24,1,183
warmup_length,20,Float32,123,0.6666666666666666,0.5,1.0,3,3,0,148
warmup_length,20,Float32,200,0.9774881516587677,0.9903961584633854,0.9649122807017544,825,8,30,255
warmup_length,20,Float32,202,0.7179487179487181,0.6829268292682927,0.7567567567567568,56,26,18,210
warmup_length,20,Float32,210,0.8634361233480177,0.8270042194092827,0.9032258064516129,196,41,21,260
warmup_length,20,Float32,212,0.0,0.0,0.0,0,0,0,271
warmup_length,20,Float32,213,0.9384615384615386,0.8970588235294118,0.9838709677419355,244,28,4,285
warmup_length,20,Float32,214,0.8296795952782462,0.7299703264094956,0.9609375,246,91,10,222
warmup_length,20,Float32,219,0.26666666666666666,0.15647921760391198,0.9014084507042254,64,345,7,212
warmup_length,20,Float32,221,0.9789864029666254,0.9588377723970944,1.0,396,17,0,239
warmup_length,20,Float32,222,0.4789915966386555,0.42696629213483145,0.5454545454545454,114,153,95,245
warmup_length,20,Float32,228,0.9715832205683356,0.9598930481283422,0.9835616438356164,359,15,6,201
warmup_length,20,Float32,231,0.16,0.09090909090909091,0.6666666666666666,2,20,1,153
warmup_length,20,Float32,232,0.032236400268636674,0.22429906542056074,0.017366136034732273,24,83,1358,175
warmup_length,20,Float32,233,0.8844415752098128,0.9620786516853933,0.8183990442054958,685,27,152,303
warmup_length,20,Float32,234,0.3076923076923077,0.8333333333333334,0.18867924528301888,10,2,43,272
warmup_length,30,Float32,100,0.9705882352941176,0.9705882352941176,0.9705882352941176,33,1,1,224
warmup_length,30,Float32,103,0.0,0.0,0.0,0,0,2,205
warmup_length,30,Float32,105,0.4444444444444444,0.3191489361702128,0.7317073170731707,30,64,11,253
warmup_length,30,Float32,111,0.16666666666666669,0.09090909090909091,1.0,1,10,0,209
warmup_length,30,Float32,113,0.2380952380952381,0.1388888888888889,0.8333333333333334,5,31,1,176
warmup_length,30,Float32,117,0.0,0.0,0.0,0,41,1,148
warmup_length,30,Float32,121,0.07407407407407407,0.04,0.5,1,24,1,183
warmup_length,30,Float32,123,0.6666666666666666,0.5,1.0,3,3,0,148
warmup_length,30,Float32,200,0.9774881516587677,0.9903961584633854,0.9649122807017544,825,8,30,255
warmup_length,30,Float32,202,0.7179487179487181,0.6829268292682927,0.7567567567567568,56,26,18,210
warmup_length,30,Float32,210,0.8634361233480177,0.8270042194092827,0.9032258064516129,196,41,21,260
warmup_length,30,Float32,212,0.0,0.0,0.0,0,0,0,271
warmup_length,30,Float32,213,0.9384615384615386,0.8970588235294118,0.9838709677419355,244,28,4,285
warmup_length,30,Float32,214,0.8296795952782462,0.7299703264094956,0.9609375,246,91,10,222
warmup_length,30,Float32,219,0.26666666666666666,0.15647921760391198,0.9014084507042254,64,345,7,212
warmup_length,30,Float32,221,0.9789864029666254,0.9588377723970944,1.0,396,17,0,239
warmup_length,30,Float32,222,0.4789915966386555,0.42696629213483145,0.5454545454545454,114,153,95,245
warmup_length,30,Float32,228,0.9715832205683356,0.9598930481283422,0.9835616438356164,359,15,6,201
warmup_length,30,Float32,231,0.16,0.09090909090909091,0.6666666666666666,2,20,1,153
warmup_length,30,Float32,232,0.032236400268636674,0.22429906542056074,0.017366136034732273,24,83,1358,175
warmup_length,30,Float32,233,0.8844415752098128,0.9620786516853933,0.8183990442054958,685,27,152,303
warmup_length,30,Float32,234,0.3076923076923077,0.8333333333333334,0.18867924528301888,10,2,43,272
warmup_length,50,Float32,100,0.9705882352941176,0.9705882352941176,0.9705882352941176,33,1,1,222
warmup_length,50,Float32,103,0.0,0.0,0.0,0,0,2,203
warmup_length,50,Float32,105,0.4444444444444444,0.3191489361702128,0.7317073170731707,30,64,11,251
warmup_length,50,Float32,111,0.16666666666666669,0.09090909090909091,1.0,1,10,0,207
warmup_length,50,Float32,113,0.2380952380952381,0.1388888888888889,0.8333333333333334,5,31,1,174
warmup_length,50,Float32,117,0.0,0.0,0.0,0,41,1,148
warmup_length,50,Float32,121,0.07407407407407407,0.04,0.5,1,24,1,181
warmup_length,50,Float32,123,0.6666666666666666,0.5,1.0,3,3,0,146
warmup_length,50,Float32,200,0.9774881516587677,0.9903961584633854,0.9649122807017544,825,8,30,254
warmup_length,50,Float32,202,0.7179487179487181,0.6829268292682927,0.7567567567567568,56,26,18,208
warmup_length,50,Float32,210,0.8634361233480177,0.8270042194092827,0.9032258064516129,196,41,21,258
warmup_length,50,Float32,212,0.0,0.0,0.0,0,0,0,269
warmup_length,50,Float32,213,0.9384615384615386,0.8970588235294118,0.9838709677419355,244,28,4,283
warmup_length,50,Float32,214,0.8296795952782462,0.7299703264094956,0.9609375,246,91,10,220
warmup_length,50,Float32,219,0.26359832635983266,0.1547911547911548,0.8873239436619719,63,344,8,210
warmup_length,50,Float32,221,0.9789864029666254,0.9588377723970944,1.0,396,17,0,237
warmup_length,50,Float32,222,0.4810126582278481,0.43018867924528303,0.5454545454545454,114,151,95,243
warmup_length,50,Float32,228,0.9715832205683356,0.9598930481283422,0.9835616438356164,359,15,6,200
warmup_length,50,Float32,231,0.16,0.09090909090909091,0.6666666666666666,2,20,1,151
warmup_length,50,Float32,232,0.03225806451612903,0.22641509433962265,0.017366136034732273,24,82,1358,173
warmup_length,50,Float32,233,0.8837209302325582,0.9620253164556962,0.8172043010752689,684,27,153,301
warmup_length,50,Float32,234,0.3076923076923077,0.8333333333333334,0.18867924528301888,10,2,43,270
warmup_length,75,Float32,100,0.9705882352941176,0.9705882352941176,0.9705882352941176,33,1,1,220
warmup_length,75,Float32,103,0.0,0.0,0.0,0,0,2,201
warmup_length,75,Float32,105,0.4444444444444444,0.3191489361702128,0.7317073170731707,30,64,11,249
warmup_length,75,Float32,111,0.16666666666666669,0.09090909090909091,1.0,1,10,0,205
warmup_length,75,Float32,113,0.25,0.14705882352941177,0.8333333333333334,5,29,1,172
warmup_length,75,Float32,117,0.0,0.0,0.0,0,39,1,146
warmup_length,75,Float32,121,0.07407407407407407,0.04,0.5,1,24,1,179
warmup_length,75,Float32,123,0.6666666666666666,0.5,1.0,3,3,0,144
warmup_length,75,Float32,200,0.9768820391227031,0.9903846153846154,0.9637426900584796,824,8,31,252
warmup_length,75,Float32,202,0.7179487179487181,0.6829268292682927,0.7567567567567568,56,26,18,206
warmup_length,75,Float32,210,0.8584070796460177,0.825531914893617,0.8940092165898618,194,41,23,256
warmup_length,75,Float32,212,0.0,0.0,0.0,0,0,0,267
warmup_length,75,Float32,213,0.9384615384615386,0.8970588235294118,0.9838709677419355,244,28,4,281
warmup_length,75,Float32,214,0.8296795952782462,0.7299703264094956,0.9609375,246,91,10,218
warmup_length,75,Float32,219,0.266384778012685,0.15671641791044777,0.8873239436619719,63,339,8,208
warmup_length,75,Float32,221,0.9789864029666254,0.9588377723970944,1.0,396,17,0,235
warmup_length,75,Float32,222,0.4840764331210191,0.4351145038167939,0.5454545454545454,114,148,95,241
warmup_length,75,Float32,228,0.970189701897019,0.9597855227882037,0.9808219178082191,358,15,7,198
warmup_length,75,Float32,231,0.16,0.09090909090909091,0.6666666666666666,2,20,1,149
warmup_length,75,Float32,232,0.03230148048452221,0.23076923076923078,0.017366136034732273,24,80,1358,171
warmup_length,75,Float32,233,0.8808290155440416,0.9618104667609618,0.8124253285543608,680,27,157,299
warmup_length,75,Float32,234,0.3076923076923077,0.8333333333333334,0.18867924528301888,10,2,43,268
warmup_length,100,Float32,100,0.9705882352941176,0.9705882352941176,0.9705882352941176,33,1,1,217
warmup_length,100,Float32,103,0.0,0.0,0.0,0,0,2,198
warmup_length,100,Float32,105,0.4210526315789474,0.30434782608695654,0.6829268292682927,28,64,13,246
warmup_length,100,Float32,111,0.16666666666666669,0.09090909090909091,1.0,1,10,0,202
warmup_length,100,Float32,113,0.25,0.14705882352941177,0.8333333333333334,5,29,1,169
warmup_length,100,Float32,117,0.0,0.0,0.0,0,36,1,143
warmup_length,100,Float32,121,0.07407407407407407,0.04,0.5,1,24,1,176
warmup_length,100,Float32,123,0.6666666666666666,0.5,1.0,3,3,0,141
warmup_length,100,Float32,200,0.9774614472123369,0.9915764139590855,0.9637426900584796,824,7,31,249
warmup_length,100,Float32,202,0.7179487179487181,0.6829268292682927,0.7567567567567568,56,26,18,203
warmup_length,100,Float32,210,0.8577777777777778,0.8283261802575107,0.8894009216589862,193,40,24,253
warmup_length,100,Float32,212,0.0,0.0,0.0,0,0,0,264
warmup_length,100,Float32,213,0.9402697495183044,0.9003690036900369,0.9838709677419355,244,27,4,278
warmup_length,100,Float32,214,0.8324873096446701,0.7343283582089553,0.9609375,246,89,10,215
warmup_length,100,Float32,219,0.2669491525423729,0.1571072319201995,0.8873239436619719,63,338,8,205
warmup_length,100,Float32,221,0.9789864029666254,0.9588377723970944,1.0,396,17,0,232
warmup_length,100,Float32,222,0.4861407249466951,0.43846153846153846,0.5454545454545454,114,146,95,238
warmup_length,100,Float32,228,0.970189701897019,0.9597855227882037,0.9808219178082191,358,15,7,195
warmup_length,100,Float32,231,0.16,0.09090909090909091,0.6666666666666666,2,20,1,146
warmup_length,100,Float32,232,0.03230148048452221,0.23076923076923078,0.017366136034732273,24,80,1358,168
warmup_length,100,Float32,233,0.8771929824561403,0.9615384615384616,0.8064516129032258,675,27,162,296
warmup_length,100,Float32,234,0.3076923076923077,0.8333333333333334,0.18867924528301888,10,2,43,265
warmup_length,20,INT8,100,0.955223880597015,0.9696969696969697,0.9411764705882353,32,1,2,224
warmup_length,20,INT8,103,0.0,0.0,0.0,0,0,2,205
warmup_length,20,INT8,105,0.43165467625899284,0.30612244897959184,0.7317073170731707,30,68,11,253
warmup_length,20,INT8,111,0.16666666666666669,0.09090909090909091,1.0,1,10,0,209
warmup_length,20,INT8,113,0.25641025641025644,0.15151515151515152,0.8333333333333334,5,28,1,176
warmup_length,20,INT8,117,0.0,0.0,0.0,0,39,1,148
warmup_length,20,INT8,121,0.07692307692307693,0.041666666666666664,0.5,1,23,1,183
warmup_length,20,INT8,123,0.6666666666666666,0.5,1.0,3,3,0,148
warmup_length,20,INT8,200,0.9774881516587677,0.9903961584633854,0.9649122807017544,825,8,30,255
warmup_length,20,INT8,202,0.7096774193548386,0.6790123456790124,0.7432432432432432,55,26,19,210
warmup_length,20,INT8,210,0.86784140969163,0.8312236286919831,0.9078341013824884,197,40,20,260
warmup_length,20,INT8,212,0.0,0.0,0.0,0,0,0,271
warmup_length,20,INT8,213,0.9384615384615386,0.8970588235294118,0.9838709677419355,244,28,4,285
warmup_length,20,INT8,214,0.8268907563025211,0.7256637168141593,0.9609375,246,93,10,222
warmup_length,20,INT8,219,0.27061310782241016,0.15920398009950248,0.9014084507042254,64,338,7,212
warmup_length,20,INT8,221,0.9826302729528535,0.9658536585365853,1.0,396,14,0,239
warmup_length,20,INT8,222,0.4823284823284823,0.4264705882352941,0.5550239234449761,116,156,93,245
warmup_length,20,INT8,228,0.9715832205683356,0.9598930481283422,0.9835616438356164,359,15,6,201
warmup_length,20,INT8,231,0.16666666666666666,0.09523809523809523,0.6666666666666666,2,19,1,153
warmup_length,20,INT8,232,0.03487592219986586,0.23853211009174313,0.01881331403762663,26,83,1356,175
warmup_length,20,INT8,233,0.8883183568677792,0.9597780859916782,0.8267622461170848,692,29,145,303
warmup_length,20,INT8,234,0.28125,0.8181818181818182,0.16981132075471697,9,2,44,272
warmup_length,30,INT8,100,0.955223880597015,0.9696969696969697,0.9411764705882353,32,1,2,224
warmup_length,30,INT8,103,0.0,0.0,0.0,0,0,2,205
warmup_length,30,INT8,105,0.43165467625899284,0.30612244897959184,0.7317073170731707,30,68,11,253
warmup_length,30,INT8,111,0.16666666666666669,0.09090909090909091,1.0,1,10,0,209
warmup_length,30,INT8,113,0.25641025641025644,0.15151515151515152,0.8333333333333334,5,28,1,176
warmup_length,30,INT8,117,0.0,0.0,0.0,0,39,1,148
warmup_length,30,INT8,121,0.07692307692307693,0.041666666666666664,0.5,1,23,1,183
warmup_length,30,INT8,123,0.6666666666666666,0.5,1.0,3,3,0,148
warmup_length,30,INT8,200,0.9774881516587677,0.9903961584633854,0.9649122807017544,825,8,30,255
warmup_length,30,INT8,202,0.7096774193548386,0.6790123456790124,0.7432432432432432,55,26,19,210
warmup_length,30,INT8,210,0.86784140969163,0.8312236286919831,0.9078341013824884,197,40,20,260
warmup_length,30,INT8,212,0.0,0.0,0.0,0,0,0,271
warmup_length,30,INT8,213,0.9384615384615386,0.8970588235294118,0.9838709677419355,244,28,4,285
warmup_length,30,INT8,214,0.8268907563025211,0.7256637168141593,0.9609375,246,93,10,222
warmup_length,30,INT8,219,0.27061310782241016,0.15920398009950248,0.9014084507042254,64,338,7,212
warmup_length,30,INT8,221,0.9826302729528535,0.9658536585365853,1.0,396,14,0,239
warmup_length,30,INT8,222,0.4823284823284823,0.4264705882352941,0.5550239234449761,116,156,93,245
warmup_length,30,INT8,228,0.9715832205683356,0.9598930481283422,0.9835616438356164,359,15,6,201
warmup_length,30,INT8,231,0.16666666666666666,0.09523809523809523,0.6666666666666666,2,19,1,153
warmup_length,30,INT8,232,0.03487592219986586,0.23853211009174313,0.01881331403762663,26,83,1356,175
warmup_length,30,INT8,233,0.8883183568677792,0.9597780859916782,0.8267622461170848,692,29,145,303
warmup_length,30,INT8,234,0.28125,0.8181818181818182,0.16981132075471697,9,2,44,272
warmup_length,50,INT8,100,0.955223880597015,0.9696969696969697,0.9411764705882353,32,1,2,222
warmup_length,50,INT8,103,0.0,0.0,0.0,0,0,2,203
warmup_length,50,INT8,105,0.43165467625899284,0.30612244897959184,0.7317073170731707,30,68,11,251
warmup_length,50,INT8,111,0.16666666666666669,0.09090909090909091,1.0,1,10,0,207
warmup_length,50,INT8,113,0.25641025641025644,0.15151515151515152,0.8333333333333334,5,28,1,174
warmup_length,50,INT8,117,0.0,0.0,0.0,0,39,1,148
warmup_length,50,INT8,121,0.07692307692307693,0.041666666666666664,0.5,1,23,1,181
warmup_length,50,INT8,123,0.6666666666666666,0.5,1.0,3,3,0,146
warmup_length,50,INT8,200,0.9774881516587677,0.9903961584633854,0.9649122807017544,825,8,30,254
warmup_length,50,INT8,202,0.7096774193548386,0.6790123456790124,0.7432432432432432,55,26,19,208
warmup_length,50,INT8,210,0.86784140969163,0.8312236286919831,0.9078341013824884,197,40,20,258
warmup_length,50,INT8,212,0.0,0.0,0.0,0,0,0,269
warmup_length,50,INT8,213,0.9384615384615386,0.8970588235294118,0.9838709677419355,244,28,4,283
warmup_length,50,INT8,214,0.8268907563025211,0.7256637168141593,0.9609375,246,93,10,220
warmup_length,50,INT8,219,0.267515923566879,0.1575,0.8873239436619719,63,337,8,210
warmup_length,50,INT8,221,0.9826302729528535,0.9658536585365853,1.0,396,14,0,237
warmup_length,50,INT8,222,0.48535564853556484,0.4312267657992565,0.5550239234449761,116,153,93,243
warmup_length,50,INT8,228,0.9715832205683356,0.9598930481283422,0.9835616438356164,359,15,6,200
warmup_length,50,INT8,231,0.16666666666666666,0.09523809523809523,0.6666666666666666,2,19,1,151
warmup_length,50,INT8,232,0.034899328859060406,0.24074074074074073,0.01881331403762663,26,82,1356,173
warmup_length,50,INT8,233,0.8876043673731535,0.9597222222222223,0.8255675029868578,691,29,146,301
warmup_length,50,INT8,234,0.28125,0.8181818181818182,0.16981132075471697,9,2,44,270
warmup_length,75,INT8,100,0.955223880597015,0.9696969696969697,0.9411764705882353,32,1,2,220
warmup_length,75,INT8,103,0.0,0.0,0.0,0,0,2,201
warmup_length,75,INT8,105,0.43165467625899284,0.30612244897959184,0.7317073170731707,30,68,11,249
warmup_length,75,INT8,111,0.16666666666666669,0.09090909090909091,1.0,1,10,0,205
warmup_length,75,INT8,113,0.27027027027027023,0.16129032258064516,0.8333333333333334,5,26,1,172
warmup_length,75,INT8,117,0.0,0.0,0.0,0,37,1,146
warmup_length,75,INT8,121,0.07692307692307693,0.041666666666666664,0.5,1,23,1,179
warmup_length,75,INT8,123,0.6666666666666666,0.5,1.0,3,3,0,144
warmup_length,75,INT8,200,0.9768820391227031,0.9903846153846154,0.9637426900584796,824,8,31,252
warmup_length,75,INT8,202,0.7096774193548386,0.6790123456790124,0.7432432432432432,55,26,19,206
warmup_length,75,INT8,210,0.8628318584070795,0.8297872340425532,0.8986175115207373,195,40,22,256
warmup_length,75,INT8,212,0.0,0.0,0.0,0,0,0,267
warmup_length,75,INT8,213,0.9384615384615386,0.8970588235294118,0.9838709677419355,244,28,4,281
warmup_length,75,INT8,214,0.8268907563025211,0.7256637168141593,0.9609375,246,93,10,218
warmup_length,75,INT8,219,0.26865671641791045,0.15829145728643215,0.8873239436619719,63,335,8,208
warmup_length,75,INT8,221,0.9826302729528535,0.9658536585365853,1.0,396,14,0,235
warmup_length,75,INT8,222,0.488421052631579,0.43609022556390975,0.5550239234449761,116,150,93,241
warmup_length,75,INT8,228,0.970189701897019,0.9597855227882037,0.9808219178082191,358,15,7,198
warmup_length,75,INT8,231,0.16666666666666666,0.09523809523809523,0.6666666666666666,2,19,1,149
warmup_length,75,INT8,232,0.03494623655913978,0.24528301886792453,0.01881331403762663,26,80,1356,171
warmup_length,75,INT8,233,0.8847392144236961,0.9594972067039106,0.8207885304659498,687,29,150,299
warmup_length,75,INT8,234,0.28125,0.8181818181818182,0.16981132075471697,9,2,44,268
warmup_length,100,INT8,100,0.955223880597015,0.9696969696969697,0.9411764705882353,32,1,2,217
warmup_length,100,INT8,103,0.0,0.0,0.0,0,0,2,198
warmup_length,100,INT8,105,0.4087591240875913,0.2916666666666667,0.6829268292682927,28,68,13,246
warmup_length,100,INT8,111,0.16666666666666669,0.09090909090909091,1.0,1,10,0,202
warmup_length,100,INT8,113,0.27027027027027023,0.16129032258064516,0.8333333333333334,5,26,1,169
warmup_length,100,INT8,117,0.0,0.0,0.0,0,34,1,143
warmup_length,100,INT8,121,0.07692307692307693,0.041666666666666664,0.5,1,23,1,176
warmup_length,100,INT8,123,0.6666666666666666,0.5,1.0,3,3,0,141
warmup_length,100,INT8,200,0.9768820391227031,0.9903846153846154,0.9637426900584796,824,8,31,249
warmup_length,100,INT8,202,0.7096774193548386,0.6790123456790124,0.7432432432432432,55,26,19,203
warmup_length,100,INT8,210,0.8647450110864746,0.8333333333333334,0.8986175115207373,195,39,22,253
warmup_length,100,INT8,212,0.0,0.0,0.0,0,0,0,264
warmup_length,100,INT8,213,0.9402697495183044,0.9003690036900369,0.9838709677419355,244,27,4,278
warmup_length,100,INT8,214,0.8282828282828284,0.727810650887574,0.9609375,246,92,10,215
warmup_length,100,INT8,219,0.2692307692307693,0.15869017632241814,0.8873239436619719,63,334,8,205
warmup_length,100,INT8,221,0.9826302729528535,0.9658536585365853,1.0,396,14,0,232
warmup_length,100,INT8,222,0.4904862579281184,0.4393939393939394,0.5550239234449761,116,148,93,238
warmup_length,100,INT8,228,0.970189701897019,0.9597855227882037,0.9808219178082191,358,15,7,195
warmup_length,100,INT8,231,0.16666666666666666,0.09523809523809523,0.6666666666666666,2,19,1,146
warmup_length,100,INT8,232,0.03494623655913978,0.24528301886792453,0.01881331403762663,26,80,1356,168
warmup_length,100,INT8,233,0.881859264041317,0.9592696629213483,0.8160095579450418,683,29,154,296
warmup_length,100,INT8,234,0.28125,0.8181818181818182,0.16981132075471697,9,2,44,265
floor,0.2,Float32,100,0.9705882352941176,0.9705882352941176,0.9705882352941176,33,1,1,222
floor,0.2,Float32,103,0.0,0.0,0.0,0,1,2,203
floor,0.2,Float32,105,0.4275862068965517,0.2980769230769231,0.7560975609756098,31,73,10,251
floor,0.2,Float32,111,0.0625,0.03225806451612903,1.0,1,30,0,207
floor,0.2,Float32,113,0.17543859649122806,0.09803921568627451,0.8333333333333334,5,46,1,174
floor,0.2,Float32,117,0.0,0.0,0.0,0,41,1,148
floor,0.2,Float32,121,0.05555555555555555,0.029411764705882353,0.5,1,33,1,181
floor,0.2,Float32,123,0.4615384615384615,0.3,1.0,3,7,0,146
floor,0.2,Float32,200,0.9799999999999999,0.9857988165680474,0.9742690058479532,833,12,22,254
floor,0.2,Float32,202,0.7134502923976608,0.6288659793814433,0.8243243243243243,61,36,13,208
floor,0.2,Float32,210,0.8396624472573839,0.77431906614786,0.9170506912442397,199,58,18,258
floor,0.2,Float32,212,0.0,0.0,0.0,0,2,0,269
floor,0.2,Float32,213,0.9384615384615386,0.8970588235294118,0.9838709677419355,244,28,4,283
floor,0.2,Float32,214,0.8296795952782462,0.7299703264094956,0.9609375,246,91,10,220
floor,0.2,Float32,219,0.26359832635983266,0.1547911547911548,0.8873239436619719,63,344,8,210
floor,0.2,Float32,221,0.9694002447980417,0.9406175771971497,1.0,396,25,0,237
floor,0.2,Float32,222,0.4810126582278481,0.43018867924528303,0.5454545454545454,114,151,95,243
floor,0.2,Float32,228,0.9535192563081009,0.9252577319587629,0.9835616438356164,359,29,6,200
floor,0.2,Float32,231,0.08163265306122448,0.043478260869565216,0.6666666666666666,2,44,1,151
floor,0.2,Float32,232,0.03225806451612903,0.22641509433962265,0.017366136034732273,24,82,1358,173
floor,0.2,Float32,233,0.8837209302325582,0.9620253164556962,0.8172043010752689,684,27,153,301
floor,0.2,Float32,234,0.3478260869565218,0.75,0.22641509433962265,12,4,41,270
floor,0.3,Float32,100,0.9705882352941176,0.9705882352941176,0.9705882352941176,33,1,1,222
floor,0.3,Float32,103,0.0,0.0,0.0,0,1,2,203
floor,0.3,Float32,105,0.4558823529411765,0.3263157894736842,0.7560975609756098,31,64,10,251
floor,0.3,Float32,111,0.1111111111111111,0.058823529411764705,1.0,1,16,0,207
floor,0.3,Float32,113,0.18181818181818182,0.10204081632653061,0.8333333333333334,5,44,1,174
floor,0.3,Float32,117,0.0,0.0,0.0,0,41,1,148
floor,0.3,Float32,121,0.058823529411764705,0.03125,0.5,1,31,1,181
floor,0.3,Float32,123,0.5454545454545454,0.375,1.0,3,5,0,146
floor,0.3,Float32,200,0.9781710914454278,0.986904761904762,0.9695906432748538,829,11,26,254
floor,0.3,Float32,202,0.7073170731707318,0.6444444444444445,0.7837837837837838,58,32,16,208
floor,0.3,Float32,210,0.8468085106382979,0.7865612648221344,0.9170506912442397,199,54,18,258
floor,0.3,Float32,212,0.0,0.0,0.0,0,0,0,269
floor,0.3,Float32,213,0.9384615384615386,0.8970588235294118,0.9838709677419355,244,28,4,283
floor,0.3,Float32,214,0.8296795952782462,0.7299703264094956,0.9609375,246,91,10,220
floor,0.3,Float32,219,0.26359832635983266,0.1547911547911548,0.8873239436619719,63,344,8,210
floor,0.3,Float32,221,0.9765721331689272,0.9542168674698795,1.0,396,19,0,237
floor,0.3,Float32,222,0.4810126582278481,0.43018867924528303,0.5454545454545454,114,151,95,243
floor,0.3,Float32,228,0.9663526244952894,0.9497354497354498,0.9835616438356164,359,19,6,200
floor,0.3,Float32,231,0.10526315789473684,0.05714285714285714,0.6666666666666666,2,33,1,151
floor,0.3,Float32,232,0.03225806451612903,0.22641509433962265,0.017366136034732273,24,82,1358,173
floor,0.3,Float32,233,0.8837209302325582,0.9620253164556962,0.8172043010752689,684,27,153,301
floor,0.3,Float32,234,0.3283582089552239,0.7857142857142857,0.20754716981132076,11,3,42,270
floor,0.4,Float32,100,0.9705882352941176,0.9705882352941176,0.9705882352941176,33,1,1,222
floor,0.4,Float32,103,0.0,0.0,0.0,0,0,2,203
floor,0.4,Float32,105,0.4444444444444444,0.3191489361702128,0.7317073170731707,30,64,11,251
floor,0.4,Float32,111,0.16666666666666669,0.09090909090909091,1.0,1,10,0,207
floor,0.4,Float32,113,0.2380952380952381,0.1388888888888889,0.8333333333333334,5,31,1,174
floor,0.4,Float32,117,0.0,0.0,0.0,0,41,1,148
floor,0.4,Float32,121,0.07407407407407407,0.04,0.5,1,24,1,181
floor,0.4,Float32,123,0.6666666666666666,0.5,1.0,3,3,0,146
floor,0.4,Float32,200,0.9774881516587677,0.9903961584633854,0.9649122807017544,825,8,30,254
floor,0.4,Float32,202,0.7179487179487181,0.6829268292682927,0.7567567567567568,56,26,18,208
floor,0.4,Float32,210,0.8634361233480177,0.8270042194092827,0.9032258064516129,196,41,21,258
floor,0.4,Float32,212,0.0,0.0,0.0,0,0,0,269
floor,0.4,Float32,213,0.9384615384615386,0.8970588235294118,0.9838709677419355,244,28,4,283
floor,0.4,Float32,214,0.8296795952782462,0.7299703264094956,0.9609375,246,91,10,220
floor,0.4,Float32,219,0.26359832635983266,0.1547911547911548,0.8873239436619719,63,344,8,210
floor,0.4,Float32,221,0.9789864029666254,0.9588377723970944,1.0,396,17,0,237
floor,0.4,Float32,222,0.4810126582278481,0.43018867924528303,0.5454545454545454,114,151,95,243
floor,0.4,Float32,228,0.9715832205683356,0.9598930481283422,0.9835616438356164,359,15,6,200
floor,0.4,Float32,231,0.16,0.09090909090909091,0.6666666666666666,2,20,1,151
floor,0.4,Float32,232,0.03225806451612903,0.22641509433962265,0.017366136034732273,24,82,1358,173
floor,0.4,Float32,233,0.8837209302325582,0.9620253164556962,0.8172043010752689,684,27,153,301
floor,0.4,Float32,234,0.3076923076923077,0.8333333333333334,0.18867924528301888,10,2,43,270
floor,0.5,Float32,100,0.955223880597015,0.9696969696969697,0.9411764705882353,32,1,2,222
floor,0.5,Float32,103,0.0,0.0,0.0,0,0,2,203
floor,0.5,Float32,105,0.46511627906976744,0.3409090909090909,0.7317073170731707,30,58,11,251
floor,0.5,Float32,111,0.2222222222222222,0.125,1.0,1,7,0,207
floor,0.5,Float32,113,0.303030303030303,0.18518518518518517,0.8333333333333334,5,22,1,174
floor,0.5,Float32,117,0.0,0.0,0.0,0,41,1,148
floor,0.5,Float32,121,0.09090909090909091,0.05,0.5,1,19,1,181
floor,0.5,Float32,123,0.6666666666666666,0.5,1.0,3,3,0,146
floor,0.5,Float32,200,0.9779892920880429,0.9951573849878934,0.9614035087719298,822,4,33,254
floor,0.5,Float32,202,0.7074829931972789,0.7123287671232876,0.7027027027027027,52,21,22,208
floor,0.5,Float32,210,0.8843537414965987,0.8705357142857143,0.8986175115207373,195,29,22,258
floor,0.5,Float32,212,0.0,0.0,0.0,0,0,0,269
floor,0.5,Float32,213,0.9384615384615386,0.8970588235294118,0.9838709677419355,244,28,4,283
floor,0.5,Float32,214,0.8338983050847457,0.7365269461077845,0.9609375,246,88,10,220
floor,0.5,Float32,219,0.26359832635983266,0.1547911547911548,0.8873239436619719,63,344,8,210
floor,0.5,Float32,221,0.9825870646766169,0.9681372549019608,0.9974747474747475,395,13,1,237
floor,0.5,Float32,222,0.4810126582278481,0.43018867924528303,0.5454545454545454,114,151,95,243
floor,0.5,Float32,228,0.9741496598639455,0.9675675675675676,0.9808219178082191,358,12,7,200
floor,0.5,Float32,231,0.2222222222222222,0.13333333333333333,0.6666666666666666,2,13,1,151
floor,0.5,Float32,232,0.03225806451612903,0.22641509433962265,0.017366136034732273,24,82,1358,173
floor,0.5,Float32,233,0.8837209302325582,0.9620253164556962,0.8172043010752689,684,27,153,301
floor,0.5,Float32,234,0.19672131147540986,0.75,0.11320754716981132,6,2,47,270
floor,0.6,Float32,100,0.955223880597015,0.9696969696969697,0.9411764705882353,32,1,2,222
floor,0.6,Float32,103,0.0,0.0,0.0,0,0,2,203
floor,0.6,Float32,105,0.4390243902439025,0.32926829268292684,0.6585365853658537,27,55,14,251
floor,0.6,Float32,111,0.2857142857142857,0.16666666666666666,1.0,1,5,0,207
floor,0.6,Float32,113,0.5,0.35714285714285715,0.8333333333333334,5,9,1,174
floor,0.6,Float32,117,0.0,0.0,0.0,0,41,1,148
floor,0.6,Float32,121,0.14285714285714285,0.08333333333333333,0.5,1,11,1,181
floor,0.6,Float32,123,0.8571428571428571,0.75,1.0,3,1,0,146
floor,0.6,Float32,200,0.9742976688583384,0.9963325183374083,0.9532163742690059,815,3,40,254
floor,0.6,Float32,202,0.6993006993006994,0.7246376811594203,0.6756756756756757,50,19,24,208
floor,0.6,Float32,210,0.8992974238875878,0.9142857142857143,0.8847926267281107,192,18,25,258
floor,0.6,Float32,212,0.0,0.0,0.0,0,0,0,269
floor,0.6,Float32,213,0.9568627450980393,0.9312977099236641,0.9838709677419355,244,18,4,283
floor,0.6,Float32,214,0.838160136286201,0.743202416918429,0.9609375,246,85,10,220
floor,0.6,Float32,219,0.2647058823529412,0.15555555555555556,0.8873239436619719,63,342,8,210
floor,0.6,Float32,221,0.9850374064837905,0.9729064039408867,0.9974747474747475,395,11,1,237
floor,0.6,Float32,222,0.4810126582278481,0.43018867924528303,0.5454545454545454,114,151,95,243
floor,0.6,Float32,228,0.9780821917808219,0.9780821917808219,0.9780821917808219,357,8,8,200
floor,0.6,Float32,231,0.36363636363636365,0.25,0.6666666666666666,2,6,1,151
floor,0.6,Float32,232,0.03225806451612903,0.22641509433962265,0.017366136034732273,24,82,1358,173
floor,0.6,Float32,233,0.8837209302325582,0.9620253164556962,0.8172043010752689,684,27,153,301
floor,0.6,Float32,234,0.16666666666666669,0.7142857142857143,0.09433962264150944,5,2,48,270
floor,0.2,INT8,100,0.9705882352941176,0.9705882352941176,0.9705882352941176,33,1,1,222
floor,0.2,INT8,103,0.0,0.0,0.0,0,1,2,203
floor,0.2,INT8,105,0.4189189189189189,0.2897196261682243,0.7560975609756098,31,76,10,251
floor,0.2,INT8,111,0.06666666666666667,0.034482758620689655,1.0,1,28,0,207
floor,0.2,INT8,113,0.16949152542372883,0.09433962264150944,0.8333333333333334,5,48,1,174
floor,0.2,INT8,117,0.0,0.0,0.0,0,39,1,148
floor,0.2,INT8,121,0.05405405405405405,0.02857142857142857,0.5,1,34,1,181
floor,0.2,INT8,123,0.4615384615384615,0.3,1.0,3,7,0,146
floor,0.2,INT8,200,0.9794238683127572,0.9846335697399528,0.9742690058479532,833,13,22,254
floor,0.2,INT8,202,0.6976744186046512,0.6122448979591837,0.8108108108108109,60,38,14,208
floor,0.2,INT8,210,0.8450106157112527,0.7834645669291339,0.9170506912442397,199,55,18,258
floor,0.2,INT8,212,0.0,0.0,0.0,0,2,0,269
floor,0.2,INT8,213,0.9384615384615386,0.8970588235294118,0.9838709677419355,244,28,4,283
floor,0.2,INT8,214,0.8268907563025211,0.7256637168141593,0.9609375,246,93,10,220
floor,0.2,INT8,219,0.267515923566879,0.1575,0.8873239436619719,63,337,8,210
floor,0.2,INT8,221,0.9705882352941176,0.9428571428571428,1.0,396,24,0,237
floor,0.2,INT8,222,0.48535564853556484,0.4312267657992565,0.5550239234449761,116,153,93,243
floor,0.2,INT8,228,0.9547872340425533,0.9276485788113695,0.9835616438356164,359,28,6,200
floor,0.2,INT8,231,0.08510638297872342,0.045454545454545456,0.6666666666666666,2,42,1,151
floor,0.2,INT8,232,0.034899328859060406,0.24074074074074073,0.01881331403762663,26,82,1356,173
floor,0.2,INT8,233,0.8876043673731535,0.9597222222222223,0.8255675029868578,691,29,146,301
floor,0.2,INT8,234,0.3478260869565218,0.75,0.22641509433962265,12,4,41,270
floor,0.3,INT8,100,0.9705882352941176,0.9705882352941176,0.9705882352941176,33,1,1,222
floor,0.3,INT8,103,0.0,0.0,0.0,0,1,2,203
floor,0.3,INT8,105,0.4428571428571429,0.31313131313131315,0.7560975609756098,31,68,10,251
floor,0.3,INT8,111,0.1,0.05263157894736842,1.0,1,18,0,207
floor,0.3,INT8,113,0.1851851851851852,0.10416666666666667,0.8333333333333334,5,43,1,174
floor,0.3,INT8,117,0.0,0.0,0.0,0,39,1,148
floor,0.3,INT8,121,0.058823529411764705,0.03125,0.5,1,31,1,181
floor,0.3,INT8,123,0.6666666666666666,0.5,1.0,3,3,0,146
floor,0.3,INT8,200,0.9775943396226415,0.985731272294887,0.9695906432748538,829,12,26,254
floor,0.3,INT8,202,0.6946107784431138,0.6236559139784946,0.7837837837837838,58,35,16,208
floor,0.3,INT8,210,0.8468085106382979,0.7865612648221344,0.9170506912442397,199,54,18,258
floor,0.3,INT8,212,0.0,0.0,0.0,0,0,0,269
floor,0.3,INT8,213,0.9384615384615386,0.8970588235294118,0.9838709677419355,244,28,4,283
floor,0.3,INT8,214,0.8268907563025211,0.7256637168141593,0.9609375,246,93,10,220
floor,0.3,INT8,219,0.267515923566879,0.1575,0.8873239436619719,63,337,8,210
floor,0.3,INT8,221,0.9765721331689272,0.9542168674698795,1.0,396,19,0,237
floor,0.3,INT8,222,0.48535564853556484,0.4312267657992565,0.5550239234449761,116,153,93,243
floor,0.3,INT8,228,0.9650537634408602,0.9472295514511874,0.9835616438356164,359,20,6,200
floor,0.3,INT8,231,0.12903225806451613,0.07142857142857142,0.6666666666666666,2,26,1,151
floor,0.3,INT8,232,0.034899328859060406,0.24074074074074073,0.01881331403762663,26,82,1356,173
floor,0.3,INT8,233,0.8876043673731535,0.9597222222222223,0.8255675029868578,691,29,146,301
floor,0.3,INT8,234,0.3283582089552239,0.7857142857142857,0.20754716981132076,11,3,42,270
floor,0.4,INT8,100,0.955223880597015,0.9696969696969697,0.9411764705882353,32,1,2,222
floor,0.4,INT8,103,0.0,0.0,0.0,0,0,2,203
floor,0.4,INT8,105,0.43165467625899284,0.30612244897959184,0.7317073170731707,30,68,11,251
floor,0.4,INT8,111,0.16666666666666669,0.09090909090909091,1.0,1,10,0,207
floor,0.4,INT8,113,0.25641025641025644,0.15151515151515152,0.8333333333333334,5,28,1,174
floor,0.4,INT8,117,0.0,0.0,0.0,0,39,1,148
floor,0.4,INT8,121,0.07692307692307693,0.041666666666666664,0.5,1,23,1,181
floor,0.4,INT8,123,0.6666666666666666,0.5,1.0,3,3,0,146
floor,0.4,INT8,200,0.9774881516587677,0.9903961584633854,0.9649122807017544,825,8,30,254
floor,0.4,INT8,202,0.7096774193548386,0.6790123456790124,0.7432432432432432,55,26,19,208
floor,0.4,INT8,210,0.86784140969163,0.8312236286919831,0.9078341013824884,197,40,20,258
floor,0.4,INT8,212,0.0,0.0,0.0,0,0,0,269
floor,0.4,INT8,213,0.9384615384615386,0.8970588235294118,0.9838709677419355,244,28,4,283
floor,0.4,INT8,214,0.8268907563025211,0.7256637168141593,0.9609375,246,93,10,220
floor,0.4,INT8,219,0.267515923566879,0.1575,0.8873239436619719,63,337,8,210
floor,0.4,INT8,221,0.9826302729528535,0.9658536585365853,1.0,396,14,0,237
floor,0.4,INT8,222,0.48535564853556484,0.4312267657992565,0.5550239234449761,116,153,93,243
floor,0.4,INT8,228,0.9715832205683356,0.9598930481283422,0.9835616438356164,359,15,6,200
floor,0.4,INT8,231,0.16666666666666666,0.09523809523809523,0.6666666666666666,2,19,1,151
floor,0.4,INT8,232,0.034899328859060406,0.24074074074074073,0.01881331403762663,26,82,1356,173
floor,0.4,INT8,233,0.8876043673731535,0.9597222222222223,0.8255675029868578,691,29,146,301
floor,0.4,INT8,234,0.28125,0.8181818181818182,0.16981132075471697,9,2,44,270
floor,0.5,INT8,100,0.955223880597015,0.9696969696969697,0.9411764705882353,32,1,2,222
floor,0.5,INT8,103,0.0,0.0,0.0,0,0,2,203
floor,0.5,INT8,105,0.44776119402985076,0.3225806451612903,0.7317073170731707,30,63,11,251
floor,0.5,INT8,111,0.25,0.14285714285714285,1.0,1,6,0,207
floor,0.5,INT8,113,0.303030303030303,0.18518518518518517,0.8333333333333334,5,22,1,174
floor,0.5,INT8,117,0.0,0.0,0.0,0,39,1,148
floor,0.5,INT8,121,0.09090909090909091,0.05,0.5,1,19,1,181
floor,0.5,INT8,123,0.6666666666666666,0.5,1.0,3,3,0,146
floor,0.5,INT8,200,0.9768270944741533,0.9927536231884058,0.9614035087719298,822,6,33,254
floor,0.5,INT8,202,0.7114093959731544,0.7066666666666667,0.7162162162162162,53,22,21,208
floor,0.5,INT8,210,0.8843537414965987,0.8705357142857143,0.8986175115207373,195,29,22,258
floor,0.5,INT8,212,0.0,0.0,0.0,0,0,0,269
floor,0.5,INT8,213,0.9384615384615386,0.8970588235294118,0.9838709677419355,244,28,4,283
floor,0.5,INT8,214,0.8310810810810809,0.7321428571428571,0.9609375,246,90,10,220
floor,0.5,INT8,219,0.267515923566879,0.1575,0.8873239436619719,63,337,8,210
floor,0.5,INT8,221,0.9850746268656716,0.9705882352941176,1.0,396,12,0,237
floor,0.5,INT8,222,0.48535564853556484,0.4312267657992565,0.5550239234449761,116,153,93,243
floor,0.5,INT8,228,0.9755434782608695,0.967654986522911,0.9835616438356164,359,12,6,200
floor,0.5,INT8,231,0.23529411764705882,0.14285714285714285,0.6666666666666666,2,12,1,151
floor,0.5,INT8,232,0.034899328859060406,0.24074074074074073,0.01881331403762663,26,82,1356,173
floor,0.5,INT8,233,0.8876043673731535,0.9597222222222223,0.8255675029868578,691,29,146,301
floor,0.5,INT8,234,0.19672131147540986,0.75,0.11320754716981132,6,2,47,270
floor,0.6,INT8,100,0.955223880597015,0.9696969696969697,0.9411764705882353,32,1,2,222
floor,0.6,INT8,103,0.0,0.0,0.0,0,0,2,203
floor,0.6,INT8,105,0.44094488188976383,0.32558139534883723,0.6829268292682927,28,58,13,251
floor,0.6,INT8,111,0.2857142857142857,0.16666666666666666,1.0,1,5,0,207
floor,0.6,INT8,113,0.5555555555555556,0.4166666666666667,0.8333333333333334,5,7,1,174
floor,0.6,INT8,117,0.0,0.0,0.0,0,39,1,148
floor,0.6,INT8,121,0.13333333333333336,0.07692307692307693,0.5,1,12,1,181
floor,0.6,INT8,123,0.8571428571428571,0.75,1.0,3,1,0,146
floor,0.6,INT8,200,0.9755223880597015,0.9963414634146341,0.9555555555555556,817,3,38,254
floor,0.6,INT8,202,0.7050359712230215,0.7538461538461538,0.6621621621621622,49,16,25,208
floor,0.6,INT8,210,0.8992974238875878,0.9142857142857143,0.8847926267281107,192,18,25,258
floor,0.6,INT8,212,0.0,0.0,0.0,0,0,0,269
floor,0.6,INT8,213,0.9568627450980393,0.9312977099236641,0.9838709677419355,244,18,4,283
floor,0.6,INT8,214,0.838160136286201,0.743202416918429,0.9609375,246,85,10,220
floor,0.6,INT8,219,0.26865671641791045,0.15829145728643215,0.8873239436619719,63,335,8,210
floor,0.6,INT8,221,0.986267166042447,0.9753086419753086,0.9974747474747475,395,10,1,237
floor,0.6,INT8,222,0.48535564853556484,0.4312267657992565,0.5550239234449761,116,153,93,243
floor,0.6,INT8,228,0.9766803840877915,0.978021978021978,0.9753424657534246,356,8,9,200
floor,0.6,INT8,231,0.4,0.2857142857142857,0.6666666666666666,2,5,1,151
floor,0.6,INT8,232,0.03492276695768973,0.24299065420560748,0.01881331403762663,26,81,1356,173
floor,0.6,INT8,233,0.8876043673731535,0.9597222222222223,0.8255675029868578,691,29,146,301
floor,0.6,INT8,234,0.16666666666666669,0.7142857142857143,0.09433962264150944,5,2,48,270
ceil,0.85,Float32,100,0.9705882352941176,0.9705882352941176,0.9705882352941176,33,1,1,222
ceil,0.85,Float32,103,0.0,0.0,0.0,0,0,2,203
ceil,0.85,Float32,105,0.4411764705882353,0.3157894736842105,0.7317073170731707,30,65,11,251
ceil,0.85,Float32,111,0.16666666666666669,0.09090909090909091,1.0,1,10,0,207
ceil,0.85,Float32,113,0.2380952380952381,0.1388888888888889,0.8333333333333334,5,31,1,174
ceil,0.85,Float32,117,0.0,0.0,0.0,0,312,1,148
ceil,0.85,Float32,121,0.07407407407407407,0.04,0.5,1,24,1,181
ceil,0.85,Float32,123,0.6666666666666666,0.5,1.0,3,3,0,146
ceil,0.85,Float32,200,0.9774881516587677,0.9903961584633854,0.9649122807017544,825,8,30,254
ceil,0.85,Float32,202,0.7179487179487181,0.6829268292682927,0.7567567567567568,56,26,18,208
ceil,0.85,Float32,210,0.8634361233480177,0.8270042194092827,0.9032258064516129,196,41,21,258
ceil,0.85,Float32,212,0.0,0.0,0.0,0,0,0,269
ceil,0.85,Float32,213,0.9384615384615386,0.8970588235294118,0.9838709677419355,244,28,4,283
ceil,0.85,Float32,214,0.8213689482470785,0.717201166180758,0.9609375,246,97,10,220
ceil,0.85,Float32,219,0.2619542619542619,0.15365853658536585,0.8873239436619719,63,347,8,210
ceil,0.85,Float32,221,0.9789864029666254,0.9588377723970944,1.0,396,17,0,237
ceil,0.85,Float32,222,0.4962406015037593,0.4086687306501548,0.631578947368421,132,191,77,243
ceil,0.85,Float32,228,0.9715832205683356,0.9598930481283422,0.9835616438356164,359,15,6,200
ceil,0.85,Float32,231,0.16,0.09090909090909091,0.6666666666666666,2,20,1,151
ceil,0.85,Float32,232,0.03225806451612903,0.22641509433962265,0.017366136034732273,24,82,1358,173
ceil,0.85,Float32,233,0.8890314304041051,0.9598337950138505,0.8279569892473119,693,29,144,301
ceil,0.85,Float32,234,0.3076923076923077,0.8333333333333334,0.18867924528301888,10,2,43,270
ceil,0.9,Float32,100,0.9705882352941176,0.9705882352941176,0.9705882352941176,33,1,1,222
ceil,0.9,Float32,103,0.0,0.0,0.0,0,0,2,203
ceil,0.9,Float32,105,0.4444444444444444,0.3191489361702128,0.7317073170731707,30,64,11,251
ceil,0.9,Float32,111,0.16666666666666669,0.09090909090909091,1.0,1,10,0,207
ceil,0.9,Float32,113,0.2380952380952381,0.1388888888888889,0.8333333333333334,5,31,1,174
ceil,0.9,Float32,117,0.0,0.0,0.0,0,168,1,148
ceil,0.9,Float32,121,0.07407407407407407,0.04,0.5,1,24,1,181
ceil,0.9,Float32,123,0.6666666666666666,0.5,1.0,3,3,0,146
ceil,0.9,Float32,200,0.9774881516587677,0.9903961584633854,0.9649122807017544,825,8,30,254
ceil,0.9,Float32,202,0.7179487179487181,0.6829268292682927,0.7567567567567568,56,26,18,208
ceil,0.9,Float32,210,0.8634361233480177,0.8270042194092827,0.9032258064516129,196,41,21,258
ceil,0.9,Float32,212,0.0,0.0,0.0,0,0,0,269
ceil,0.9,Float32,213,0.9384615384615386,0.8970588235294118,0.9838709677419355,244,28,4,283
ceil,0.9,Float32,214,0.8296795952782462,0.7299703264094956,0.9609375,246,91,10,220
ceil,0.9,Float32,219,0.26249999999999996,0.15403422982885084,0.8873239436619719,63,346,8,210
ceil,0.9,Float32,221,0.9789864029666254,0.9588377723970944,1.0,396,17,0,237
ceil,0.9,Float32,222,0.48962655601659755,0.43223443223443225,0.5645933014354066,118,155,91,243
ceil,0.9,Float32,228,0.9715832205683356,0.9598930481283422,0.9835616438356164,359,15,6,200
ceil,0.9,Float32,231,0.16,0.09090909090909091,0.6666666666666666,2,20,1,151
ceil,0.9,Float32,232,0.03225806451612903,0.22641509433962265,0.017366136034732273,24,82,1358,173
ceil,0.9,Float32,233,0.8844415752098128,0.9620786516853933,0.8183990442054958,685,27,152,301
ceil,0.9,Float32,234,0.3076923076923077,0.8333333333333334,0.18867924528301888,10,2,43,270
ceil,0.95,Float32,100,0.9705882352941176,0.9705882352941176,0.9705882352941176,33,1,1,222
ceil,0.95,Float32,103,0.0,0.0,0.0,0,0,2,203
ceil,0.95,Float32,105,0.4444444444444444,0.3191489361702128,0.7317073170731707,30,64,11,251
ceil,0.95,Float32,111,0.16666666666666669,0.09090909090909091,1.0,1,10,0,207
ceil,0.95,Float32,113,0.2380952380952381,0.1388888888888889,0.8333333333333334,5,31,1,174
ceil,0.95,Float32,117,0.0,0.0,0.0,0,41,1,148
ceil,0.95,Float32,121,0.07407407407407407,0.04,0.5,1,24,1,181
ceil,0.95,Float32,123,0.6666666666666666,0.5,1.0,3,3,0,146
ceil,0.95,Float32,200,0.9774881516587677,0.9903961584633854,0.9649122807017544,825,8,30,254
ceil,0.95,Float32,202,0.7179487179487181,0.6829268292682927,0.7567567567567568,56,26,18,208
ceil,0.95,Float32,210,0.8634361233480177,0.8270042194092827,0.9032258064516129,196,41,21,258
ceil,0.95,Float32,212,0.0,0.0,0.0,0,0,0,269
ceil,0.95,Float32,213,0.9384615384615386,0.8970588235294118,0.9838709677419355,244,28,4,283
ceil,0.95,Float32,214,0.8296795952782462,0.7299703264094956,0.9609375,246,91,10,220
ceil,0.95,Float32,219,0.26359832635983266,0.1547911547911548,0.8873239436619719,63,344,8,210
ceil,0.95,Float32,221,0.9789864029666254,0.9588377723970944,1.0,396,17,0,237
ceil,0.95,Float32,222,0.4810126582278481,0.43018867924528303,0.5454545454545454,114,151,95,243
ceil,0.95,Float32,228,0.9715832205683356,0.9598930481283422,0.9835616438356164,359,15,6,200
ceil,0.95,Float32,231,0.16,0.09090909090909091,0.6666666666666666,2,20,1,151
ceil,0.95,Float32,232,0.03225806451612903,0.22641509433962265,0.017366136034732273,24,82,1358,173
ceil,0.95,Float32,233,0.8837209302325582,0.9620253164556962,0.8172043010752689,684,27,153,301
ceil,0.95,Float32,234,0.3076923076923077,0.8333333333333334,0.18867924528301888,10,2,43,270
ceil,0.99,Float32,100,0.9705882352941176,0.9705882352941176,0.9705882352941176,33,1,1,222
ceil,0.99,Float32,103,0.0,0.0,0.0,0,0,2,203
ceil,0.99,Float32,105,0.4444444444444444,0.3191489361702128,0.7317073170731707,30,64,11,251
ceil,0.99,Float32,111,0.16666666666666669,0.09090909090909091,1.0,1,10,0,207
ceil,0.99,Float32,113,0.2380952380952381,0.1388888888888889,0.8333333333333334,5,31,1,174
ceil,0.99,Float32,117,0.0,0.0,0.0,0,20,1,148
ceil,0.99,Float32,121,0.07407407407407407,0.04,0.5,1,24,1,181
ceil,0.99,Float32,123,0.6666666666666666,0.5,1.0,3,3,0,146
ceil,0.99,Float32,200,0.9774881516587677,0.9903961584633854,0.9649122807017544,825,8,30,254
ceil,0.99,Float32,202,0.7179487179487181,0.6829268292682927,0.7567567567567568,56,26,18,208
ceil,0.99,Float32,210,0.8634361233480177,0.8270042194092827,0.9032258064516129,196,41,21,258
ceil,0.99,Float32,212,0.0,0.0,0.0,0,0,0,269
ceil,0.99,Float32,213,0.9384615384615386,0.8970588235294118,0.9838709677419355,244,28,4,283
ceil,0.99,Float32,214,0.8296795952782462,0.7299703264094956,0.9609375,246,91,10,220
ceil,0.99,Float32,219,0.26359832635983266,0.1547911547911548,0.8873239436619719,63,344,8,210
ceil,0.99,Float32,221,0.9789864029666254,0.9588377723970944,1.0,396,17,0,237
ceil,0.99,Float32,222,0.4810126582278481,0.43018867924528303,0.5454545454545454,114,151,95,243
ceil,0.99,Float32,228,0.9715832205683356,0.9598930481283422,0.9835616438356164,359,15,6,200
ceil,0.99,Float32,231,0.16,0.09090909090909091,0.6666666666666666,2,20,1,151
ceil,0.99,Float32,232,0.03225806451612903,0.22641509433962265,0.017366136034732273,24,82,1358,173
ceil,0.99,Float32,233,0.882999353587589,0.9619718309859155,0.8160095579450418,683,27,154,301
ceil,0.99,Float32,234,0.3076923076923077,0.8333333333333334,0.18867924528301888,10,2,43,270
ceil,0.85,INT8,100,0.955223880597015,0.9696969696969697,0.9411764705882353,32,1,2,222
ceil,0.85,INT8,103,0.0,0.0,0.0,0,0,2,203
ceil,0.85,INT8,105,0.43165467625899284,0.30612244897959184,0.7317073170731707,30,68,11,251
ceil,0.85,INT8,111,0.16666666666666669,0.09090909090909091,1.0,1,10,0,207
ceil,0.85,INT8,113,0.25641025641025644,0.15151515151515152,0.8333333333333334,5,28,1,174
ceil,0.85,INT8,117,0.0,0.0,0.0,0,321,1,148
ceil,0.85,INT8,121,0.07692307692307693,0.041666666666666664,0.5,1,23,1,181
ceil,0.85,INT8,123,0.6666666666666666,0.5,1.0,3,3,0,146
ceil,0.85,INT8,200,0.9774881516587677,0.9903961584633854,0.9649122807017544,825,8,30,254
ceil,0.85,INT8,202,0.7096774193548386,0.6790123456790124,0.7432432432432432,55,26,19,208
ceil,0.85,INT8,210,0.86784140969163,0.8312236286919831,0.9078341013824884,197,40,20,258
ceil,0.85,INT8,212,0.0,0.0,0.0,0,0,0,269
ceil,0.85,INT8,213,0.9384615384615386,0.8970588235294118,0.9838709677419355,244,28,4,283
ceil,0.85,INT8,214,0.8159203980099502,0.7089337175792507,0.9609375,246,101,10,220
ceil,0.85,INT8,219,0.266384778012685,0.15671641791044777,0.8873239436619719,63,339,8,210
ceil,0.85,INT8,221,0.9826302729528535,0.9658536585365853,1.0,396,14,0,237
ceil,0.85,INT8,222,0.5018867924528302,0.4143302180685358,0.6363636363636364,133,188,76,243
ceil,0.85,INT8,228,0.9715832205683356,0.9598930481283422,0.9835616438356164,359,15,6,200
ceil,0.85,INT8,231,0.16666666666666666,0.09523809523809523,0.6666666666666666,2,19,1,151
ceil,0.85,INT8,232,0.034899328859060406,0.24074074074074073,0.01881331403762663,26,82,1356,173
ceil,0.85,INT8,233,0.8911651728553137,0.96,0.8315412186379928,696,29,141,301
ceil,0.85,INT8,234,0.28125,0.8181818181818182,0.16981132075471697,9,2,44,270
ceil,0.9,INT8,100,0.955223880597015,0.9696969696969697,0.9411764705882353,32,1,2,222
ceil,0.9,INT8,103,0.0,0.0,0.0,0,0,2,203
ceil,0.9,INT8,105,0.43165467625899284,0.30612244897959184,0.7317073170731707,30,68,11,251
ceil,0.9,INT8,111,0.16666666666666669,0.09090909090909091,1.0,1,10,0,207
ceil,0.9,INT8,113,0.25641025641025644,0.15151515151515152,0.8333333333333334,5,28,1,174
ceil,0.9,INT8,117,0.0,0.0,0.0,0,168,1,148
ceil,0.9,INT8,121,0.07692307692307693,0.041666666666666664,0.5,1,23,1,181
ceil,0.9,INT8,123,0.6666666666666666,0.5,1.0,3,3,0,146
ceil,0.9,INT8,200,0.9774881516587677,0.9903961584633854,0.9649122807017544,825,8,30,254
ceil,0.9,INT8,202,0.7096774193548386,0.6790123456790124,0.7432432432432432,55,26,19,208
ceil,0.9,INT8,210,0.86784140969163,0.8312236286919831,0.9078341013824884,197,40,20,258
ceil,0.9,INT8,212,0.0,0.0,0.0,0,0,0,269
ceil,0.9,INT8,213,0.9384615384615386,0.8970588235294118,0.9838709677419355,244,28,4,283
ceil,0.9,INT8,214,0.8268907563025211,0.7256637168141593,0.9609375,246,93,10,220
ceil,0.9,INT8,219,0.2669491525423729,0.1571072319201995,0.8873239436619719,63,338,8,210
ceil,0.9,INT8,221,0.9826302729528535,0.9658536585365853,1.0,396,14,0,237
ceil,0.9,INT8,222,0.484472049689441,0.42700729927007297,0.5598086124401914,117,157,92,243
ceil,0.9,INT8,228,0.9715832205683356,0.9598930481283422,0.9835616438356164,359,15,6,200
ceil,0.9,INT8,231,0.16666666666666666,0.09523809523809523,0.6666666666666666,2,19,1,151
ceil,0.9,INT8,232,0.034899328859060406,0.24074074074074073,0.01881331403762663,26,82,1356,173
ceil,0.9,INT8,233,0.8890314304041051,0.9598337950138505,0.8279569892473119,693,29,144,301
ceil,0.9,INT8,234,0.28125,0.8181818181818182,0.16981132075471697,9,2,44,270
ceil,0.95,INT8,100,0.955223880597015,0.9696969696969697,0.9411764705882353,32,1,2,222
ceil,0.95,INT8,103,0.0,0.0,0.0,0,0,2,203
ceil,0.95,INT8,105,0.43165467625899284,0.30612244897959184,0.7317073170731707,30,68,11,251
ceil,0.95,INT8,111,0.16666666666666669,0.09090909090909091,1.0,1,10,0,207
ceil,0.95,INT8,113,0.25641025641025644,0.15151515151515152,0.8333333333333334,5,28,1,174
ceil,0.95,INT8,117,0.0,0.0,0.0,0,39,1,148
ceil,0.95,INT8,121,0.07692307692307693,0.041666666666666664,0.5,1,23,1,181
ceil,0.95,INT8,123,0.6666666666666666,0.5,1.0,3,3,0,146
ceil,0.95,INT8,200,0.9774881516587677,0.9903961584633854,0.9649122807017544,825,8,30,254
ceil,0.95,INT8,202,0.7096774193548386,0.6790123456790124,0.7432432432432432,55,26,19,208
ceil,0.95,INT8,210,0.86784140969163,0.8312236286919831,0.9078341013824884,197,40,20,258
ceil,0.95,INT8,212,0.0,0.0,0.0,0,0,0,269
ceil,0.95,INT8,213,0.9384615384615386,0.8970588235294118,0.9838709677419355,244,28,4,283
ceil,0.95,INT8,214,0.8268907563025211,0.7256637168141593,0.9609375,246,93,10,220
ceil,0.95,INT8,219,0.267515923566879,0.1575,0.8873239436619719,63,337,8,210
ceil,0.95,INT8,221,0.9826302729528535,0.9658536585365853,1.0,396,14,0,237
ceil,0.95,INT8,222,0.48535564853556484,0.4312267657992565,0.5550239234449761,116,153,93,243
ceil,0.95,INT8,228,0.9715832205683356,0.9598930481283422,0.9835616438356164,359,15,6,200
ceil,0.95,INT8,231,0.16666666666666666,0.09523809523809523,0.6666666666666666,2,19,1,151
ceil,0.95,INT8,232,0.034899328859060406,0.24074074074074073,0.01881331403762663,26,82,1356,173
ceil,0.95,INT8,233,0.8876043673731535,0.9597222222222223,0.8255675029868578,691,29,146,301
ceil,0.95,INT8,234,0.28125,0.8181818181818182,0.16981132075471697,9,2,44,270
ceil,0.99,INT8,100,0.955223880597015,0.9696969696969697,0.9411764705882353,32,1,2,222
ceil,0.99,INT8,103,0.0,0.0,0.0,0,0,2,203
ceil,0.99,INT8,105,0.43165467625899284,0.30612244897959184,0.7317073170731707,30,68,11,251
ceil,0.99,INT8,111,0.16666666666666669,0.09090909090909091,1.0,1,10,0,207
ceil,0.99,INT8,113,0.25641025641025644,0.15151515151515152,0.8333333333333334,5,28,1,174
ceil,0.99,INT8,117,0.0,0.0,0.0,0,26,1,148
ceil,0.99,INT8,121,0.07692307692307693,0.041666666666666664,0.5,1,23,1,181
ceil,0.99,INT8,123,0.6666666666666666,0.5,1.0,3,3,0,146
ceil,0.99,INT8,200,0.9774881516587677,0.9903961584633854,0.9649122807017544,825,8,30,254
ceil,0.99,INT8,202,0.7096774193548386,0.6790123456790124,0.7432432432432432,55,26,19,208
ceil,0.99,INT8,210,0.86784140969163,0.8312236286919831,0.9078341013824884,197,40,20,258
ceil,0.99,INT8,212,0.0,0.0,0.0,0,0,0,269
ceil,0.99,INT8,213,0.9384615384615386,0.8970588235294118,0.9838709677419355,244,28,4,283
ceil,0.99,INT8,214,0.8268907563025211,0.7256637168141593,0.9609375,246,93,10,220
ceil,0.99,INT8,219,0.267515923566879,0.1575,0.8873239436619719,63,337,8,210
ceil,0.99,INT8,221,0.9826302729528535,0.9658536585365853,1.0,396,14,0,237
ceil,0.99,INT8,222,0.48535564853556484,0.4312267657992565,0.5550239234449761,116,153,93,243
ceil,0.99,INT8,228,0.9715832205683356,0.9598930481283422,0.9835616438356164,359,15,6,200
ceil,0.99,INT8,231,0.16666666666666666,0.09523809523809523,0.6666666666666666,2,19,1,151
ceil,0.99,INT8,232,0.034899328859060406,0.24074074074074073,0.01881331403762663,26,82,1356,173
ceil,0.99,INT8,233,0.8876043673731535,0.9597222222222223,0.8255675029868578,691,29,146,301
ceil,0.99,INT8,234,0.28125,0.8181818181818182,0.16981132075471697,9,2,44,270
update_freq,1,Float32,100,0.9705882352941176,0.9705882352941176,0.9705882352941176,33,1,1,2220
update_freq,1,Float32,103,0.0,0.0,0.0,0,0,2,2032
update_freq,1,Float32,105,0.4444444444444444,0.3191489361702128,0.7317073170731707,30,64,11,2515
update_freq,1,Float32,111,0.16666666666666669,0.09090909090909091,1.0,1,10,0,2072
update_freq,1,Float32,113,0.2380952380952381,0.1388888888888889,0.8333333333333334,5,31,1,1742
update_freq,1,Float32,117,0.0,0.0,0.0,0,41,1,1483
update_freq,1,Float32,121,0.07407407407407407,0.04,0.5,1,24,1,1811
update_freq,1,Float32,123,0.6666666666666666,0.5,1.0,3,3,0,1466
update_freq,1,Float32,200,0.9774881516587677,0.9903961584633854,0.9649122807017544,825,8,30,2546
update_freq,1,Float32,202,0.7272727272727273,0.7,0.7567567567567568,56,24,18,2083
update_freq,1,Float32,210,0.8634361233480177,0.8270042194092827,0.9032258064516129,196,41,21,2586
update_freq,1,Float32,212,0.0,0.0,0.0,0,0,0,2695
update_freq,1,Float32,213,0.9402697495183044,0.9003690036900369,0.9838709677419355,244,27,4,2835
update_freq,1,Float32,214,0.8324873096446701,0.7343283582089553,0.9609375,246,89,10,2206
update_freq,1,Float32,219,0.266384778012685,0.15671641791044777,0.8873239436619719,63,339,8,2101
update_freq,1,Float32,221,0.9789864029666254,0.9588377723970944,1.0,396,17,0,2375
update_freq,1,Float32,222,0.48085106382978726,0.4329501915708812,0.5406698564593302,113,148,96,2431
update_freq,1,Float32,228,0.9715832205683356,0.9598930481283422,0.9835616438356164,359,15,6,2001
update_freq,1,Float32,231,0.18181818181818182,0.10526315789473684,0.6666666666666666,2,17,1,1519
update_freq,1,Float32,232,0.03225806451612903,0.22641509433962265,0.017366136034732273,24,82,1358,1730
update_freq,1,Float32,233,0.8844415752098128,0.9620786516853933,0.8183990442054958,685,27,152,3014
update_freq,1,Float32,234,0.3076923076923077,0.8333333333333334,0.18867924528301888,10,2,43,2701
update_freq,5,Float32,100,0.9705882352941176,0.9705882352941176,0.9705882352941176,33,1,1,444
update_freq,5,Float32,103,0.0,0.0,0.0,0,0,2,406
update_freq,5,Float32,105,0.4444444444444444,0.3191489361702128,0.7317073170731707,30,64,11,503
update_freq,5,Float32,111,0.16666666666666669,0.09090909090909091,1.0,1,10,0,414
update_freq,5,Float32,113,0.2380952380952381,0.1388888888888889,0.8333333333333334,5,31,1,348
update_freq,5,Float32,117,0.0,0.0,0.0,0,41,1,296
update_freq,5,Float32,121,0.07407407407407407,0.04,0.5,1,24,1,362
update_freq,5,Float32,123,0.6666666666666666,0.5,1.0,3,3,0,293
update_freq,5,Float32,200,0.9774881516587677,0.9903961584633854,0.9649122807017544,825,8,30,509
update_freq,5,Float32,202,0.7179487179487181,0.6829268292682927,0.7567567567567568,56,26,18,416
update_freq,5,Float32,210,0.8634361233480177,0.8270042194092827,0.9032258064516129,196,41,21,517
update_freq,5,Float32,212,0.0,0.0,0.0,0,0,0,539
update_freq,5,Float32,213,0.9384615384615386,0.8970588235294118,0.9838709677419355,244,28,4,567
update_freq,5,Float32,214,0.8296795952782462,0.7299703264094956,0.9609375,246,91,10,441
update_freq,5,Float32,219,0.2658227848101266,0.15632754342431762,0.8873239436619719,63,340,8,420
update_freq,5,Float32,221,0.9789864029666254,0.9588377723970944,1.0,396,17,0,475
update_freq,5,Float32,222,0.48085106382978726,0.4329501915708812,0.5406698564593302,113,148,96,486
update_freq,5,Float32,228,0.9715832205683356,0.9598930481283422,0.9835616438356164,359,15,6,400
update_freq,5,Float32,231,0.16666666666666666,0.09523809523809523,0.6666666666666666,2,19,1,303
update_freq,5,Float32,232,0.03225806451612903,0.22641509433962265,0.017366136034732273,24,82,1358,346
update_freq,5,Float32,233,0.8850129198966407,0.9634317862165963,0.8183990442054958,685,26,152,602
update_freq,5,Float32,234,0.3076923076923077,0.8333333333333334,0.18867924528301888,10,2,43,540
update_freq,10,Float32,100,0.9705882352941176,0.9705882352941176,0.9705882352941176,33,1,1,222
update_freq,10,Float32,103,0.0,0.0,0.0,0,0,2,203
update_freq,10,Float32,105,0.4444444444444444,0.3191489361702128,0.7317073170731707,30,64,11,251
update_freq,10,Float32,111,0.16666666666666669,0.09090909090909091,1.0,1,10,0,207
update_freq,10,Float32,113,0.2380952380952381,0.1388888888888889,0.8333333333333334,5,31,1,174
update_freq,10,Float32,117,0.0,0.0,0.0,0,41,1,148
update_freq,10,Float32,121,0.07407407407407407,0.04,0.5,1,24,1,181
update_freq,10,Float32,123,0.6666666666666666,0.5,1.0,3,3,0,146
update_freq,10,Float32,200,0.9774881516587677,0.9903961584633854,0.9649122807017544,825,8,30,254
update_freq,10,Float32,202,0.7179487179487181,0.6829268292682927,0.7567567567567568,56,26,18,208
update_freq,10,Float32,210,0.8634361233480177,0.8270042194092827,0.9032258064516129,196,41,21,258
update_freq,10,Float32,212,0.0,0.0,0.0,0,0,0,269
update_freq,10,Float32,213,0.9384615384615386,0.8970588235294118,0.9838709677419355,244,28,4,283
update_freq,10,Float32,214,0.8296795952782462,0.7299703264094956,0.9609375,246,91,10,220
update_freq,10,Float32,219,0.26359832635983266,0.1547911547911548,0.8873239436619719,63,344,8,210
update_freq,10,Float32,221,0.9789864029666254,0.9588377723970944,1.0,396,17,0,237
update_freq,10,Float32,222,0.4810126582278481,0.43018867924528303,0.5454545454545454,114,151,95,243
update_freq,10,Float32,228,0.9715832205683356,0.9598930481283422,0.9835616438356164,359,15,6,200
update_freq,10,Float32,231,0.16,0.09090909090909091,0.6666666666666666,2,20,1,151
update_freq,10,Float32,232,0.03225806451612903,0.22641509433962265,0.017366136034732273,24,82,1358,173
update_freq,10,Float32,233,0.8837209302325582,0.9620253164556962,0.8172043010752689,684,27,153,301
update_freq,10,Float32,234,0.3076923076923077,0.8333333333333334,0.18867924528301888,10,2,43,270
update_freq,20,Float32,100,0.9705882352941176,0.9705882352941176,0.9705882352941176,33,1,1,111
update_freq,20,Float32,103,0.0,0.0,0.0,0,0,2,102
update_freq,20,Float32,105,0.4411764705882353,0.3157894736842105,0.7317073170731707,30,65,11,126
update_freq,20,Float32,111,0.16666666666666669,0.09090909090909091,1.0,1,10,0,104
update_freq,20,Float32,113,0.2380952380952381,0.1388888888888889,0.8333333333333334,5,31,1,87
update_freq,20,Float32,117,0.0,0.0,0.0,0,42,1,74
update_freq,20,Float32,121,0.07407407407407407,0.04,0.5,1,24,1,91
update_freq,20,Float32,123,0.6666666666666666,0.5,1.0,3,3,0,73
update_freq,20,Float32,200,0.9780935464772055,0.9904076738609112,0.9660818713450292,826,8,29,127
update_freq,20,Float32,202,0.7179487179487181,0.6829268292682927,0.7567567567567568,56,26,18,104
update_freq,20,Float32,210,0.8634361233480177,0.8270042194092827,0.9032258064516129,196,41,21,129
update_freq,20,Float32,212,0.0,0.0,0.0,0,0,0,135
update_freq,20,Float32,213,0.9366602687140116,0.8937728937728938,0.9838709677419355,244,29,4,142
update_freq,20,Float32,214,0.826086956521739,0.7222222222222222,0.96484375,247,95,9,110
update_freq,20,Float32,219,0.2652631578947368,0.15594059405940594,0.8873239436619719,63,341,8,105
update_freq,20,Float32,221,0.9789864029666254,0.9588377723970944,1.0,396,17,0,119
update_freq,20,Float32,222,0.4799999999999999,0.42857142857142855,0.5454545454545454,114,152,95,122
update_freq,20,Float32,228,0.9715832205683356,0.9598930481283422,0.9835616438356164,359,15,6,100
update_freq,20,Float32,231,0.15384615384615383,0.08695652173913043,0.6666666666666666,2,21,1,76
update_freq,20,Float32,232,0.03225806451612903,0.22641509433962265,0.017366136034732273,24,82,1358,87
update_freq,20,Float32,233,0.8842921784098255,0.9633802816901409,0.8172043010752689,684,26,153,151
update_freq,20,Float32,234,0.3076923076923077,0.8333333333333334,0.18867924528301888,10,2,43,135
update_freq,50,Float32,100,0.9705882352941176,0.9705882352941176,0.9705882352941176,33,1,1,44
update_freq,50,Float32,103,0.0,0.0,0.0,0,0,2,40
update_freq,50,Float32,105,0.4195804195804196,0.29411764705882354,0.7317073170731707,30,72,11,50
update_freq,50,Float32,111,0.16666666666666669,0.09090909090909091,1.0,1,10,0,41
update_freq,50,Float32,113,0.2380952380952381,0.1388888888888889,0.8333333333333334,5,31,1,34
update_freq,50,Float32,117,0.0,0.0,0.0,0,42,1,29
update_freq,50,Float32,121,0.07407407407407407,0.04,0.5,1,24,1,36
update_freq,50,Float32,123,0.6666666666666666,0.5,1.0,3,3,0,29
update_freq,50,Float32,200,0.978698224852071,0.9904191616766467,0.9672514619883041,827,8,28,50
update_freq,50,Float32,202,0.7133757961783439,0.6746987951807228,0.7567567567567568,56,27,18,41
update_freq,50,Float32,210,0.8596491228070176,0.8200836820083682,0.9032258064516129,196,43,21,51
update_freq,50,Float32,212,0.0,0.0,0.0,0,0,0,53
update_freq,50,Float32,213,0.9312977099236642,0.8840579710144928,0.9838709677419355,244,32,4,56
update_freq,50,Float32,214,0.8266666666666667,0.7209302325581395,0.96875,248,96,8,44
update_freq,50,Float32,219,0.2641509433962264,0.15517241379310345,0.8873239436619719,63,343,8,42
update_freq,50,Float32,221,0.9789864029666254,0.9588377723970944,1.0,396,17,0,47
update_freq,50,Float32,222,0.47157894736842104,0.42105263157894735,0.5358851674641149,112,154,97,48
update_freq,50,Float32,228,0.9742198100407056,0.9650537634408602,0.9835616438356164,359,13,6,40
update_freq,50,Float32,231,0.16,0.09090909090909091,0.6666666666666666,2,20,1,30
update_freq,50,Float32,232,0.03095558546433378,0.22115384615384615,0.016642547033285094,23,81,1359,34
update_freq,50,Float32,233,0.8844415752098128,0.9620786516853933,0.8183990442054958,685,27,152,60
update_freq,50,Float32,234,0.3076923076923077,0.8333333333333334,0.18867924528301888,10,2,43,54
update_freq,1,INT8,100,0.955223880597015,0.9696969696969697,0.9411764705882353,32,1,2,2220
update_freq,1,INT8,103,0.0,0.0,0.0,0,0,2,2032
update_freq,1,INT8,105,0.4460431654676259,0.3163265306122449,0.7560975609756098,31,67,10,2515
update_freq,1,INT8,111,0.16666666666666669,0.09090909090909091,1.0,1,10,0,2072
update_freq,1,INT8,113,0.25641025641025644,0.15151515151515152,0.8333333333333334,5,28,1,1742
update_freq,1,INT8,117,0.0,0.0,0.0,0,38,1,1483
update_freq,1,INT8,121,0.07692307692307693,0.041666666666666664,0.5,1,23,1,1811
update_freq,1,INT8,123,0.6666666666666666,0.5,1.0,3,3,0,1466
update_freq,1,INT8,200,0.9774881516587677,0.9903961584633854,0.9649122807017544,825,8,30,2546
update_freq,1,INT8,202,0.7189542483660132,0.6962025316455697,0.7432432432432432,55,24,19,2083
update_freq,1,INT8,210,0.86784140969163,0.8312236286919831,0.9078341013824884,197,40,20,2586
update_freq,1,INT8,212,0.0,0.0,0.0,0,0,0,2695
update_freq,1,INT8,213,0.9402697495183044,0.9003690036900369,0.9838709677419355,244,27,4,2835
update_freq,1,INT8,214,0.8282828282828284,0.727810650887574,0.9609375,246,92,10,2206
update_freq,1,INT8,219,0.2669491525423729,0.1571072319201995,0.8873239436619719,63,338,8,2101
update_freq,1,INT8,221,0.9826302729528535,0.9658536585365853,1.0,396,14,0,2375
update_freq,1,INT8,222,0.4831932773109243,0.4307116104868914,0.5502392344497608,115,152,94,2431
update_freq,1,INT8,228,0.9715832205683356,0.9598930481283422,0.9835616438356164,359,15,6,2001
update_freq,1,INT8,231,0.1739130434782609,0.1,0.6666666666666666,2,18,1,1519
update_freq,1,INT8,232,0.033602150537634407,0.2358490566037736,0.01808972503617945,25,81,1357,1730
update_freq,1,INT8,233,0.8876043673731535,0.9597222222222223,0.8255675029868578,691,29,146,3014
update_freq,1,INT8,234,0.28125,0.8181818181818182,0.16981132075471697,9,2,44,2701
update_freq,5,INT8,100,0.955223880597015,0.9696969696969697,0.9411764705882353,32,1,2,444
update_freq,5,INT8,103,0.0,0.0,0.0,0,0,2,406
update_freq,5,INT8,105,0.43165467625899284,0.30612244897959184,0.7317073170731707,30,68,11,503
update_freq,5,INT8,111,0.16666666666666669,0.09090909090909091,1.0,1,10,0,414
update_freq,5,INT8,113,0.25641025641025644,0.15151515151515152,0.8333333333333334,5,28,1,348
update_freq,5,INT8,117,0.0,0.0,0.0,0,38,1,296
update_freq,5,INT8,121,0.07692307692307693,0.041666666666666664,0.5,1,23,1,362
update_freq,5,INT8,123,0.6666666666666666,0.5,1.0,3,3,0,293
update_freq,5,INT8,200,0.9774881516587677,0.9903961584633854,0.9649122807017544,825,8,30,509
update_freq,5,INT8,202,0.7096774193548386,0.6790123456790124,0.7432432432432432,55,26,19,416
update_freq,5,INT8,210,0.86784140969163,0.8312236286919831,0.9078341013824884,197,40,20,517
update_freq,5,INT8,212,0.0,0.0,0.0,0,0,0,539
update_freq,5,INT8,213,0.9384615384615386,0.8970588235294118,0.9838709677419355,244,28,4,567
update_freq,5,INT8,214,0.8255033557046979,0.7235294117647059,0.9609375,246,94,10,441
update_freq,5,INT8,219,0.267515923566879,0.1575,0.8873239436619719,63,337,8,420
update_freq,5,INT8,221,0.9826302729528535,0.9658536585365853,1.0,396,14,0,475
update_freq,5,INT8,222,0.4831932773109243,0.4307116104868914,0.5502392344497608,115,152,94,486
update_freq,5,INT8,228,0.97289972899729,0.9624664879356568,0.9835616438356164,359,14,6,400
update_freq,5,INT8,231,0.1739130434782609,0.1,0.6666666666666666,2,18,1,303
update_freq,5,INT8,232,0.034899328859060406,0.24074074074074073,0.01881331403762663,26,82,1356,346
update_freq,5,INT8,233,0.8881748071979435,0.96105702364395,0.8255675029868578,691,28,146,602
update_freq,5,INT8,234,0.28125,0.8181818181818182,0.16981132075471697,9,2,44,540
update_freq,10,INT8,100,0.955223880597015,0.9696969696969697,0.9411764705882353,32,1,2,222
update_freq,10,INT8,103,0.0,0.0,0.0,0,0,2,203
update_freq,10,INT8,105,0.43165467625899284,0.30612244897959184,0.7317073170731707,30,68,11,251
update_freq,10,INT8,111,0.16666666666666669,0.09090909090909091,1.0,1,10,0,207
update_freq,10,INT8,113,0.25641025641025644,0.15151515151515152,0.8333333333333334,5,28,1,174
update_freq,10,INT8,117,0.0,0.0,0.0,0,39,1,148
update_freq,10,INT8,121,0.07692307692307693,0.041666666666666664,0.5,1,23,1,181
update_freq,10,INT8,123,0.6666666666666666,0.5,1.0,3,3,0,146
update_freq,10,INT8,200,0.9774881516587677,0.9903961584633854,0.9649122807017544,825,8,30,254
update_freq,10,INT8,202,0.7096774193548386,0.6790123456790124,0.7432432432432432,55,26,19,208
update_freq,10,INT8,210,0.86784140969163,0.8312236286919831,0.9078341013824884,197,40,20,258
update_freq,10,INT8,212,0.0,0.0,0.0,0,0,0,269
update_freq,10,INT8,213,0.9384615384615386,0.8970588235294118,0.9838709677419355,244,28,4,283
update_freq,10,INT8,214,0.8268907563025211,0.7256637168141593,0.9609375,246,93,10,220
update_freq,10,INT8,219,0.267515923566879,0.1575,0.8873239436619719,63,337,8,210
update_freq,10,INT8,221,0.9826302729528535,0.9658536585365853,1.0,396,14,0,237
update_freq,10,INT8,222,0.48535564853556484,0.4312267657992565,0.5550239234449761,116,153,93,243
update_freq,10,INT8,228,0.9715832205683356,0.9598930481283422,0.9835616438356164,359,15,6,200
update_freq,10,INT8,231,0.16666666666666666,0.09523809523809523,0.6666666666666666,2,19,1,151
update_freq,10,INT8,232,0.034899328859060406,0.24074074074074073,0.01881331403762663,26,82,1356,173
update_freq,10,INT8,233,0.8876043673731535,0.9597222222222223,0.8255675029868578,691,29,146,301
update_freq,10,INT8,234,0.28125,0.8181818181818182,0.16981132075471697,9,2,44,270
update_freq,20,INT8,100,0.955223880597015,0.9696969696969697,0.9411764705882353,32,1,2,111
update_freq,20,INT8,103,0.0,0.0,0.0,0,0,2,102
update_freq,20,INT8,105,0.43165467625899284,0.30612244897959184,0.7317073170731707,30,68,11,126
update_freq,20,INT8,111,0.16666666666666669,0.09090909090909091,1.0,1,10,0,104
update_freq,20,INT8,113,0.25641025641025644,0.15151515151515152,0.8333333333333334,5,28,1,87
update_freq,20,INT8,117,0.0,0.0,0.0,0,39,1,74
update_freq,20,INT8,121,0.07692307692307693,0.041666666666666664,0.5,1,23,1,91
update_freq,20,INT8,123,0.6666666666666666,0.5,1.0,3,3,0,73
update_freq,20,INT8,200,0.9774881516587677,0.9903961584633854,0.9649122807017544,825,8,30,127
update_freq,20,INT8,202,0.7096774193548386,0.6790123456790124,0.7432432432432432,55,26,19,104
update_freq,20,INT8,210,0.86784140969163,0.8312236286919831,0.9078341013824884,197,40,20,129
update_freq,20,INT8,212,0.0,0.0,0.0,0,0,0,135
update_freq,20,INT8,213,0.9348659003831418,0.8905109489051095,0.9838709677419355,244,30,4,142
update_freq,20,INT8,214,0.8274706867671692,0.7243401759530792,0.96484375,247,94,9,110
update_freq,20,INT8,219,0.2647058823529412,0.15555555555555556,0.8873239436619719,63,342,8,105
update_freq,20,INT8,221,0.9826302729528535,0.9658536585365853,1.0,396,14,0,119
update_freq,20,INT8,222,0.4843423799582464,0.42962962962962964,0.5550239234449761,116,154,93,122
update_freq,20,INT8,228,0.9715832205683356,0.9598930481283422,0.9835616438356164,359,15,6,100
update_freq,20,INT8,231,0.16666666666666666,0.09523809523809523,0.6666666666666666,2,19,1,76
update_freq,20,INT8,232,0.03487592219986586,0.23853211009174313,0.01881331403762663,26,83,1356,87
update_freq,20,INT8,233,0.8883183568677792,0.9597780859916782,0.8267622461170848,692,29,145,151
update_freq,20,INT8,234,0.28125,0.8181818181818182,0.16981132075471697,9,2,44,135
update_freq,50,INT8,100,0.955223880597015,0.9696969696969697,0.9411764705882353,32,1,2,44
update_freq,50,INT8,103,0.0,0.0,0.0,0,0,2,40
update_freq,50,INT8,105,0.4166666666666666,0.2912621359223301,0.7317073170731707,30,73,11,50
update_freq,50,INT8,111,0.16666666666666669,0.09090909090909091,1.0,1,10,0,41
update_freq,50,INT8,113,0.25641025641025644,0.15151515151515152,0.8333333333333334,5,28,1,34
update_freq,50,INT8,117,0.0,0.0,0.0,0,39,1,29
update_freq,50,INT8,121,0.07692307692307693,0.041666666666666664,0.5,1,23,1,36
update_freq,50,INT8,123,0.6666666666666666,0.5,1.0,3,3,0,29
update_freq,50,INT8,200,0.9774881516587677,0.9903961584633854,0.9649122807017544,825,8,30,50
update_freq,50,INT8,202,0.7051282051282052,0.6707317073170732,0.7432432432432432,55,27,19,41
update_freq,50,INT8,210,0.86784140969163,0.8312236286919831,0.9078341013824884,197,40,20,51
update_freq,50,INT8,212,0.0,0.0,0.0,0,0,0,53
update_freq,50,INT8,213,0.9366602687140116,0.8937728937728938,0.9838709677419355,244,29,4,56
update_freq,50,INT8,214,0.8252911813643926,0.7188405797101449,0.96875,248,97,8,44
update_freq,50,INT8,219,0.2658227848101266,0.15632754342431762,0.8873239436619719,63,340,8,42
update_freq,50,INT8,221,0.9826302729528535,0.9658536585365853,1.0,396,14,0,47
update_freq,50,INT8,222,0.4781704781704782,0.4227941176470588,0.5502392344497608,115,157,94,48
update_freq,50,INT8,228,0.9742198100407056,0.9650537634408602,0.9835616438356164,359,13,6,40
update_freq,50,INT8,231,0.16666666666666666,0.09523809523809523,0.6666666666666666,2,19,1,30
update_freq,50,INT8,232,0.032214765100671144,0.2222222222222222,0.017366136034732273,24,84,1358,34
update_freq,50,INT8,233,0.8883183568677792,0.9597780859916782,0.8267622461170848,692,29,145,60
update_freq,50,INT8,234,0.28125,0.8181818181818182,0.16981132075471697,9,2,44,54
